100000000,"ABW"
100001073,"AIA"
100024783,"BLM"
100047360,"CCK"
100054604,"COK"
100056004,"CUW"
100056005,"CXR"
100089588,"FLK"
100131318,"GIB"
100222390,"IOT"
100238556,"KIR"
100241760,"MAF"
100243745,"MCO"
100245356,"MDV"
100247244,"MHL"
100253792,"NFK"
100254764,"NIU"
100260851,"PCN"
100341224,"SGS"
100343035,"SXM"
100367575,"VAT"
100380097,"XPI"
100000002,"AFG"
100000003,"AFG"
100000004,"AFG"
100000005,"AFG"
100000006,"AFG"
100000007,"AFG"
100000008,"AFG"
100000009,"AFG"
100000010,"AFG"
100000011,"AFG"
100000012,"AFG"
100000013,"AFG"
100000014,"AFG"
100000015,"AFG"
100000016,"AFG"
100000017,"AFG"
100000018,"AFG"
100000019,"AFG"
100000020,"AFG"
100000021,"AFG"
100000022,"AFG"
100000023,"AFG"
100000024,"AFG"
100000025,"AFG"
100000026,"AFG"
100000027,"AFG"
100000028,"AFG"
100000029,"AFG"
100000030,"AFG"
100000031,"AFG"
100000032,"AFG"
100000033,"AFG"
100000034,"AFG"
100000035,"AFG"
100000365,"AGO"
100000366,"AGO"
100000367,"AGO"
100000368,"AGO"
100000369,"AGO"
100000370,"AGO"
100000371,"AGO"
100000372,"AGO"
100000373,"AGO"
100000374,"AGO"
100000375,"AGO"
100000376,"AGO"
100000377,"AGO"
100000378,"AGO"
100000379,"AGO"
100000380,"AGO"
100000381,"AGO"
100000382,"AGO"
100001075,"ALA"
100001076,"ALA"
100001077,"ALA"
100001078,"ALA"
100001079,"ALA"
100001080,"ALA"
100001081,"ALA"
100001082,"ALA"
100001083,"ALA"
100001084,"ALA"
100001085,"ALA"
100001086,"ALA"
100001087,"ALA"
100001088,"ALA"
100001089,"ALA"
100001090,"ALA"
100001092,"ALB"
100001093,"ALB"
100001094,"ALB"
100001095,"ALB"
100001096,"ALB"
100001097,"ALB"
100001098,"ALB"
100001099,"ALB"
100001100,"ALB"
100001101,"ALB"
100001102,"ALB"
100001103,"ALB"
100001520,"AND"
100001521,"AND"
100001522,"AND"
100001523,"AND"
100001524,"AND"
100001525,"AND"
100001526,"AND"
100001528,"ARE"
100001529,"ARE"
100001530,"ARE"
100001531,"ARE"
100001532,"ARE"
100001533,"ARE"
100001534,"ARE"
100002261,"ARG"
100002262,"ARG"
100002263,"ARG"
100002264,"ARG"
100002265,"ARG"
100002266,"ARG"
100002267,"ARG"
100002268,"ARG"
100002269,"ARG"
100002270,"ARG"
100002271,"ARG"
100002272,"ARG"
100002273,"ARG"
100002274,"ARG"
100002275,"ARG"
100002276,"ARG"
100002277,"ARG"
100002278,"ARG"
100002279,"ARG"
100002280,"ARG"
100002281,"ARG"
100002282,"ARG"
100002283,"ARG"
100002284,"ARG"
100002789,"ARM"
100002790,"ARM"
100002791,"ARM"
100002792,"ARM"
100002793,"ARM"
100002794,"ARM"
100002795,"ARM"
100002796,"ARM"
100002797,"ARM"
100002798,"ARM"
100002799,"ARM"
100002801,"ASM"
100002802,"ASM"
100002803,"ASM"
100002804,"ASM"
100002897,"ATF"
100002898,"ATF"
100002899,"ATF"
100002900,"ATF"
100002902,"ATG"
100002903,"ATG"
100002904,"ATG"
100002905,"ATG"
100002906,"ATG"
100002907,"ATG"
100002908,"ATG"
100002909,"ATG"
100002911,"AUS"
100002912,"AUS"
100002913,"AUS"
100002914,"AUS"
100002915,"AUS"
100002916,"AUS"
100002917,"AUS"
100002918,"AUS"
100002919,"AUS"
100002920,"AUS"
100002921,"AUS"
100003492,"AUT"
100003493,"AUT"
100003494,"AUT"
100003495,"AUT"
100003496,"AUT"
100003497,"AUT"
100003498,"AUT"
100003499,"AUT"
100003500,"AUT"
100005724,"AZE"
100005725,"AZE"
100005726,"AZE"
100005727,"AZE"
100005728,"AZE"
100005729,"AZE"
100005730,"AZE"
100005731,"AZE"
100005732,"AZE"
100005733,"AZE"
100005814,"BDI"
100005815,"BDI"
100005816,"BDI"
100005817,"BDI"
100005818,"BDI"
100005819,"BDI"
100005820,"BDI"
100005821,"BDI"
100005822,"BDI"
100005823,"BDI"
100005824,"BDI"
100005825,"BDI"
100005826,"BDI"
100005827,"BDI"
100005828,"BDI"
100005829,"BDI"
100005830,"BDI"
100017365,"BEL"
100017366,"BEL"
100017367,"BEL"
100018012,"BEN"
100018013,"BEN"
100018014,"BEN"
100018015,"BEN"
100018016,"BEN"
100018017,"BEN"
100018018,"BEN"
100018019,"BEN"
100018020,"BEN"
100018021,"BEN"
100018022,"BEN"
100018023,"BEN"
100018101,"BES"
100018102,"BES"
100018103,"BES"
100018105,"BFA"
100018106,"BFA"
100018107,"BFA"
100018108,"BFA"
100018109,"BFA"
100018110,"BFA"
100018111,"BFA"
100018112,"BFA"
100018113,"BFA"
100018114,"BFA"
100018115,"BFA"
100018116,"BFA"
100018117,"BFA"
100024290,"BGR"
100024291,"BGR"
100024292,"BGR"
100024293,"BGR"
100024294,"BGR"
100024295,"BGR"
100024296,"BGR"
100024297,"BGR"
100024298,"BGR"
100024299,"BGR"
100024300,"BGR"
100024301,"BGR"
100024302,"BGR"
100024303,"BGR"
100024304,"BGR"
100024305,"BGR"
100024306,"BGR"
100024307,"BGR"
100024308,"BGR"
100024309,"BGR"
100024310,"BGR"
100024311,"BGR"
100024312,"BGR"
100024313,"BGR"
100024314,"BGR"
100024315,"BGR"
100024316,"BGR"
100024317,"BGR"
100024582,"BHR"
100024583,"BHR"
100024584,"BHR"
100024585,"BHR"
100024586,"BHR"
100024588,"BHS"
100024589,"BHS"
100024590,"BHS"
100024591,"BHS"
100024592,"BHS"
100024593,"BHS"
100024594,"BHS"
100024595,"BHS"
100024596,"BHS"
100024597,"BHS"
100024598,"BHS"
100024599,"BHS"
100024600,"BHS"
100024601,"BHS"
100024602,"BHS"
100024603,"BHS"
100024604,"BHS"
100024605,"BHS"
100024606,"BHS"
100024607,"BHS"
100024608,"BHS"
100024609,"BHS"
100024610,"BHS"
100024611,"BHS"
100024612,"BHS"
100024613,"BHS"
100024614,"BHS"
100024615,"BHS"
100024616,"BHS"
100024617,"BHS"
100024618,"BHS"
100024619,"BHS"
100024621,"BIH"
100024622,"BIH"
100024623,"BIH"
100024785,"BLR"
100024786,"BLR"
100024787,"BLR"
100024788,"BLR"
100024789,"BLR"
100024790,"BLR"
100024910,"BLZ"
100024911,"BLZ"
100024912,"BLZ"
100024913,"BLZ"
100024914,"BLZ"
100024915,"BLZ"
100024917,"BMU"
100024918,"BMU"
100024919,"BMU"
100024920,"BMU"
100024921,"BMU"
100024922,"BMU"
100024923,"BMU"
100024924,"BMU"
100024925,"BMU"
100024926,"BMU"
100024927,"BMU"
100024929,"BOL"
100024930,"BOL"
100024931,"BOL"
100024932,"BOL"
100024933,"BOL"
100024934,"BOL"
100024935,"BOL"
100024936,"BOL"
100024937,"BOL"
100025353,"BRA"
100025354,"BRA"
100025355,"BRA"
100025356,"BRA"
100025357,"BRA"
100025358,"BRA"
100025359,"BRA"
100025360,"BRA"
100025361,"BRA"
100025362,"BRA"
100025363,"BRA"
100025364,"BRA"
100025365,"BRA"
100025366,"BRA"
100025367,"BRA"
100025368,"BRA"
100025369,"BRA"
100025370,"BRA"
100025371,"BRA"
100025372,"BRA"
100025373,"BRA"
100025374,"BRA"
100025375,"BRA"
100025376,"BRA"
100025377,"BRA"
100025378,"BRA"
100025379,"BRA"
100041080,"BRB"
100041081,"BRB"
100041082,"BRB"
100041083,"BRB"
100041084,"BRB"
100041085,"BRB"
100041086,"BRB"
100041087,"BRB"
100041088,"BRB"
100041089,"BRB"
100041090,"BRB"
100041092,"BRN"
100041093,"BRN"
100041094,"BRN"
100041095,"BRN"
100041129,"BTN"
100041130,"BTN"
100041131,"BTN"
100041132,"BTN"
100041133,"BTN"
100041134,"BTN"
100041135,"BTN"
100041136,"BTN"
100041137,"BTN"
100041138,"BTN"
100041139,"BTN"
100041140,"BTN"
100041141,"BTN"
100041142,"BTN"
100041143,"BTN"
100041144,"BTN"
100041145,"BTN"
100041146,"BTN"
100041147,"BTN"
100041148,"BTN"
100041356,"BWA"
100041357,"BWA"
100041358,"BWA"
100041359,"BWA"
100041360,"BWA"
100041361,"BWA"
100041362,"BWA"
100041363,"BWA"
100041364,"BWA"
100041365,"BWA"
100041366,"BWA"
100041367,"BWA"
100041368,"BWA"
100041369,"BWA"
100041370,"BWA"
100041371,"BWA"
100041403,"CAF"
100041404,"CAF"
100041405,"CAF"
100041406,"CAF"
100041407,"CAF"
100041408,"CAF"
100041409,"CAF"
100041410,"CAF"
100041411,"CAF"
100041412,"CAF"
100041413,"CAF"
100041414,"CAF"
100041415,"CAF"
100041416,"CAF"
100041417,"CAF"
100041418,"CAF"
100041419,"CAF"
100041472,"CAN"
100041473,"CAN"
100041474,"CAN"
100041475,"CAN"
100041476,"CAN"
100041477,"CAN"
100041478,"CAN"
100041479,"CAN"
100041480,"CAN"
100041481,"CAN"
100041482,"CAN"
100041483,"CAN"
100041484,"CAN"
100047362,"CHE"
100047363,"CHE"
100047364,"CHE"
100047365,"CHE"
100047366,"CHE"
100047367,"CHE"
100047368,"CHE"
100047369,"CHE"
100047370,"CHE"
100047371,"CHE"
100047372,"CHE"
100047373,"CHE"
100047374,"CHE"
100047375,"CHE"
100047376,"CHE"
100047377,"CHE"
100047378,"CHE"
100047379,"CHE"
100047380,"CHE"
100047381,"CHE"
100047382,"CHE"
100047383,"CHE"
100047384,"CHE"
100047385,"CHE"
100047386,"CHE"
100047387,"CHE"
100050339,"CHL"
100050340,"CHL"
100050341,"CHL"
100050342,"CHL"
100050343,"CHL"
100050344,"CHL"
100050345,"CHL"
100050346,"CHL"
100050347,"CHL"
100050348,"CHL"
100050349,"CHL"
100050350,"CHL"
100050351,"CHL"
100050352,"CHL"
100050353,"CHL"
100050354,"CHL"
100053496,"CIV"
100053497,"CIV"
100053498,"CIV"
100053499,"CIV"
100053500,"CIV"
100053501,"CIV"
100053502,"CIV"
100053503,"CIV"
100053504,"CIV"
100053505,"CIV"
100053506,"CIV"
100053507,"CIV"
100053508,"CIV"
100053509,"CIV"
100053848,"CMR"
100053849,"CMR"
100053850,"CMR"
100053851,"CMR"
100053852,"CMR"
100053853,"CMR"
100053854,"CMR"
100053855,"CMR"
100053856,"CMR"
100053857,"CMR"
100054277,"COD"
100054278,"COD"
100054279,"COD"
100054280,"COD"
100054281,"COD"
100054282,"COD"
100054283,"COD"
100054284,"COD"
100054285,"COD"
100054286,"COD"
100054287,"COD"
100054288,"COD"
100054289,"COD"
100054290,"COD"
100054291,"COD"
100054292,"COD"
100054293,"COD"
100054294,"COD"
100054295,"COD"
100054296,"COD"
100054297,"COD"
100054298,"COD"
100054299,"COD"
100054300,"COD"
100054301,"COD"
100054302,"COD"
100054544,"COG"
100054545,"COG"
100054546,"COG"
100054547,"COG"
100054548,"COG"
100054549,"COG"
100054550,"COG"
100054551,"COG"
100054552,"COG"
100054553,"COG"
100054554,"COG"
100054555,"COG"
100054606,"COL"
100054607,"COL"
100054608,"COL"
100054609,"COL"
100054610,"COL"
100054611,"COL"
100054612,"COL"
100054613,"COL"
100054614,"COL"
100054615,"COL"
100054616,"COL"
100054617,"COL"
100054618,"COL"
100054619,"COL"
100054620,"COL"
100054621,"COL"
100054622,"COL"
100054623,"COL"
100054624,"COL"
100054625,"COL"
100054626,"COL"
100054627,"COL"
100054628,"COL"
100054629,"COL"
100054630,"COL"
100054631,"COL"
100054632,"COL"
100054633,"COL"
100054634,"COL"
100054635,"COL"
100054636,"COL"
100054637,"COL"
100055704,"COM"
100055705,"COM"
100055706,"COM"
100055708,"CPV"
100055709,"CPV"
100055710,"CPV"
100055711,"CPV"
100055712,"CPV"
100055713,"CPV"
100055714,"CPV"
100055715,"CPV"
100055716,"CPV"
100055717,"CPV"
100055718,"CPV"
100055719,"CPV"
100055720,"CPV"
100055721,"CPV"
100055722,"CPV"
100055723,"CPV"
100055724,"CPV"
100055725,"CPV"
100055726,"CPV"
100055727,"CPV"
100055728,"CPV"
100055729,"CPV"
100055731,"CRI"
100055732,"CRI"
100055733,"CRI"
100055734,"CRI"
100055735,"CRI"
100055736,"CRI"
100055737,"CRI"
100055820,"CUB"
100055821,"CUB"
100055822,"CUB"
100055823,"CUB"
100055824,"CUB"
100055825,"CUB"
100055826,"CUB"
100055827,"CUB"
100055828,"CUB"
100055829,"CUB"
100055830,"CUB"
100055831,"CUB"
100055832,"CUB"
100055833,"CUB"
100055834,"CUB"
100055835,"CUB"
100056007,"CYM"
100056008,"CYM"
100056009,"CYM"
100056010,"CYM"
100056011,"CYM"
100056012,"CYM"
100056013,"CYM"
100056015,"CYP"
100056016,"CYP"
100056017,"CYP"
100056018,"CYP"
100056019,"CYP"
100056021,"CZE"
100056022,"CZE"
100056023,"CZE"
100056024,"CZE"
100056025,"CZE"
100056026,"CZE"
100056027,"CZE"
100056028,"CZE"
100056029,"CZE"
100056030,"CZE"
100056031,"CZE"
100056032,"CZE"
100056033,"CZE"
100056034,"CZE"
100056134,"DEU"
100056135,"DEU"
100056136,"DEU"
100056137,"DEU"
100056138,"DEU"
100056139,"DEU"
100056140,"DEU"
100056141,"DEU"
100056142,"DEU"
100056143,"DEU"
100056144,"DEU"
100056145,"DEU"
100056146,"DEU"
100056147,"DEU"
100056148,"DEU"
100056149,"DEU"
100072536,"DJI"
100072537,"DJI"
100072538,"DJI"
100072539,"DJI"
100072540,"DJI"
100072553,"DMA"
100072554,"DMA"
100072555,"DMA"
100072556,"DMA"
100072557,"DMA"
100072558,"DMA"
100072559,"DMA"
100072560,"DMA"
100072561,"DMA"
100072562,"DMA"
100072564,"DNK"
100072565,"DNK"
100072566,"DNK"
100072567,"DNK"
100072568,"DNK"
100072669,"DOM"
100072670,"DOM"
100072671,"DOM"
100072672,"DOM"
100072673,"DOM"
100072674,"DOM"
100072675,"DOM"
100072676,"DOM"
100072677,"DOM"
100072678,"DOM"
100072679,"DOM"
100072680,"DOM"
100072681,"DOM"
100072682,"DOM"
100072683,"DOM"
100072684,"DOM"
100072685,"DOM"
100072686,"DOM"
100072687,"DOM"
100072688,"DOM"
100072689,"DOM"
100072690,"DOM"
100072691,"DOM"
100072692,"DOM"
100072693,"DOM"
100072694,"DOM"
100072695,"DOM"
100072696,"DOM"
100072697,"DOM"
100072698,"DOM"
100072699,"DOM"
100072700,"DOM"
100072857,"ECU"
100072858,"ECU"
100072859,"ECU"
100072860,"ECU"
100072861,"ECU"
100072862,"ECU"
100072863,"ECU"
100072864,"ECU"
100072865,"ECU"
100072866,"ECU"
100072867,"ECU"
100072868,"ECU"
100072869,"ECU"
100072870,"ECU"
100072871,"ECU"
100072872,"ECU"
100072873,"ECU"
100072874,"ECU"
100072875,"ECU"
100072876,"ECU"
100072877,"ECU"
100072878,"ECU"
100072879,"ECU"
100072880,"ECU"
100074144,"EGY"
100074145,"EGY"
100074146,"EGY"
100074147,"EGY"
100074148,"EGY"
100074149,"EGY"
100074150,"EGY"
100074151,"EGY"
100074152,"EGY"
100074153,"EGY"
100074154,"EGY"
100074155,"EGY"
100074156,"EGY"
100074157,"EGY"
100074158,"EGY"
100074159,"EGY"
100074160,"EGY"
100074161,"EGY"
100074162,"EGY"
100074163,"EGY"
100074164,"EGY"
100074165,"EGY"
100074166,"EGY"
100074167,"EGY"
100074168,"EGY"
100074169,"EGY"
100074170,"EGY"
100074515,"ERI"
100074516,"ERI"
100074517,"ERI"
100074518,"ERI"
100074519,"ERI"
100074520,"ERI"
100074572,"ESH"
100074573,"ESH"
100074574,"ESH"
100074575,"ESH"
100083319,"EST"
100083320,"EST"
100083321,"EST"
100083322,"EST"
100083323,"EST"
100083324,"EST"
100083325,"EST"
100083326,"EST"
100083327,"EST"
100083328,"EST"
100083329,"EST"
100083330,"EST"
100083331,"EST"
100083332,"EST"
100083333,"EST"
100083334,"EST"
100088243,"ETH"
100088244,"ETH"
100088245,"ETH"
100088246,"ETH"
100088247,"ETH"
100088248,"ETH"
100088249,"ETH"
100088250,"ETH"
100088251,"ETH"
100088252,"ETH"
100088253,"ETH"
100089024,"FIN"
100089025,"FIN"
100089026,"FIN"
100089027,"FIN"
100089028,"FIN"
100089568,"FJI"
100089569,"FJI"
100089570,"FJI"
100089571,"FJI"
100089572,"FJI"
100130390,"FRO"
100130391,"FRO"
100130392,"FRO"
100130393,"FRO"
100130394,"FRO"
100130395,"FRO"
100130427,"FSM"
100130428,"FSM"
100130429,"FSM"
100130430,"FSM"
100130432,"GAB"
100130433,"GAB"
100130434,"GAB"
100130435,"GAB"
100130436,"GAB"
100130437,"GAB"
100130438,"GAB"
100130439,"GAB"
100130440,"GAB"
100130479,"GBR"
100130480,"GBR"
100130481,"GBR"
100130482,"GBR"
100131073,"GEO"
100131074,"GEO"
100131075,"GEO"
100131076,"GEO"
100131077,"GEO"
100131078,"GEO"
100131079,"GEO"
100131080,"GEO"
100131081,"GEO"
100131082,"GEO"
100131083,"GEO"
100131084,"GEO"
100131155,"GGY"
100131156,"GGY"
100131157,"GGY"
100131158,"GGY"
100131159,"GGY"
100131160,"GGY"
100131161,"GGY"
100131162,"GGY"
100131163,"GGY"
100131164,"GGY"
100131165,"GGY"
100131166,"GGY"
100131167,"GGY"
100131168,"GGY"
100131169,"GGY"
100131171,"GHA"
100131172,"GHA"
100131173,"GHA"
100131174,"GHA"
100131175,"GHA"
100131176,"GHA"
100131177,"GHA"
100131178,"GHA"
100131179,"GHA"
100131180,"GHA"
100131320,"GIN"
100131321,"GIN"
100131322,"GIN"
100131323,"GIN"
100131324,"GIN"
100131325,"GIN"
100131326,"GIN"
100131327,"GIN"
100131699,"GLP"
100131700,"GLP"
100131734,"GMB"
100131735,"GMB"
100131736,"GMB"
100131737,"GMB"
100131738,"GMB"
100131739,"GMB"
100131778,"GNB"
100131779,"GNB"
100131780,"GNB"
100131781,"GNB"
100131782,"GNB"
100131783,"GNB"
100131784,"GNB"
100131785,"GNB"
100131786,"GNB"
100131825,"GNQ"
100131826,"GNQ"
100131827,"GNQ"
100131828,"GNQ"
100131829,"GNQ"
100131830,"GNQ"
100131831,"GNQ"
100131865,"GRC"
100131866,"GRC"
100131867,"GRC"
100131868,"GRC"
100131869,"GRC"
100131870,"GRC"
100131871,"GRC"
100131872,"GRC"
100132214,"GRD"
100132215,"GRD"
100132216,"GRD"
100132217,"GRD"
100132218,"GRD"
100132219,"GRD"
100132220,"GRD"
100132222,"GRL"
100132223,"GRL"
100132224,"GRL"
100132225,"GRL"
100132226,"GRL"
100132228,"GTM"
100132229,"GTM"
100132230,"GTM"
100132231,"GTM"
100132232,"GTM"
100132233,"GTM"
100132234,"GTM"
100132235,"GTM"
100132236,"GTM"
100132237,"GTM"
100132238,"GTM"
100132239,"GTM"
100132240,"GTM"
100132241,"GTM"
100132242,"GTM"
100132243,"GTM"
100132244,"GTM"
100132245,"GTM"
100132246,"GTM"
100132247,"GTM"
100132248,"GTM"
100132249,"GTM"
100132605,"GUF"
100132606,"GUF"
100132629,"GUM"
100132630,"GUM"
100132631,"GUM"
100132632,"GUM"
100132633,"GUM"
100132634,"GUM"
100132635,"GUM"
100132636,"GUM"
100132637,"GUM"
100132638,"GUM"
100132639,"GUM"
100132640,"GUM"
100132641,"GUM"
100132642,"GUM"
100132643,"GUM"
100132644,"GUM"
100132645,"GUM"
100132646,"GUM"
100132647,"GUM"
100132649,"GUY"
100132650,"GUY"
100132651,"GUY"
100132652,"GUY"
100132653,"GUY"
100132654,"GUY"
100132655,"GUY"
100132656,"GUY"
100132657,"GUY"
100132658,"GUY"
100132776,"HKG"
100132777,"HKG"
100132778,"HKG"
100132779,"HKG"
100132780,"HKG"
100132781,"HKG"
100132782,"HKG"
100132783,"HKG"
100132784,"HKG"
100132785,"HKG"
100132786,"HKG"
100132787,"HKG"
100132788,"HKG"
100132789,"HKG"
100132790,"HKG"
100132791,"HKG"
100132792,"HKG"
100132793,"HKG"
100132796,"HND"
100132797,"HND"
100132798,"HND"
100132799,"HND"
100132800,"HND"
100132801,"HND"
100132802,"HND"
100132803,"HND"
100132804,"HND"
100132805,"HND"
100132806,"HND"
100132807,"HND"
100132808,"HND"
100132809,"HND"
100132810,"HND"
100132811,"HND"
100132812,"HND"
100132813,"HND"
100133113,"HRV"
100133114,"HRV"
100133115,"HRV"
100133116,"HRV"
100133117,"HRV"
100133118,"HRV"
100133119,"HRV"
100133120,"HRV"
100133121,"HRV"
100133122,"HRV"
100133123,"HRV"
100133124,"HRV"
100133125,"HRV"
100133126,"HRV"
100133127,"HRV"
100133128,"HRV"
100133129,"HRV"
100133130,"HRV"
100133131,"HRV"
100133132,"HRV"
100133133,"HRV"
100133695,"HTI"
100133696,"HTI"
100133697,"HTI"
100133698,"HTI"
100133699,"HTI"
100133700,"HTI"
100133701,"HTI"
100133702,"HTI"
100133703,"HTI"
100133704,"HTI"
100134423,"HUN"
100134424,"HUN"
100134425,"HUN"
100134426,"HUN"
100134427,"HUN"
100134428,"HUN"
100134429,"HUN"
100134430,"HUN"
100134431,"HUN"
100134432,"HUN"
100134433,"HUN"
100134434,"HUN"
100134435,"HUN"
100134436,"HUN"
100134437,"HUN"
100134438,"HUN"
100134439,"HUN"
100134440,"HUN"
100134441,"HUN"
100134442,"HUN"
100134611,"IDN"
100134612,"IDN"
100134613,"IDN"
100134614,"IDN"
100134615,"IDN"
100134616,"IDN"
100134617,"IDN"
100134618,"IDN"
100134619,"IDN"
100134620,"IDN"
100134621,"IDN"
100134622,"IDN"
100134623,"IDN"
100134624,"IDN"
100134625,"IDN"
100134626,"IDN"
100134627,"IDN"
100134628,"IDN"
100134629,"IDN"
100134630,"IDN"
100134631,"IDN"
100134632,"IDN"
100134633,"IDN"
100134634,"IDN"
100134635,"IDN"
100134636,"IDN"
100134637,"IDN"
100134638,"IDN"
100134639,"IDN"
100134640,"IDN"
100134641,"IDN"
100134642,"IDN"
100134643,"IDN"
100219317,"IMN"
100219318,"IMN"
100219319,"IMN"
100219320,"IMN"
100219321,"IMN"
100219322,"IMN"
100222392,"IRL"
100222393,"IRL"
100222394,"IRL"
100222395,"IRL"
100222396,"IRL"
100222397,"IRL"
100222398,"IRL"
100222399,"IRL"
100222400,"IRL"
100222401,"IRL"
100222402,"IRL"
100222403,"IRL"
100222404,"IRL"
100222405,"IRL"
100222406,"IRL"
100222407,"IRL"
100222408,"IRL"
100222409,"IRL"
100222410,"IRL"
100222411,"IRL"
100222412,"IRL"
100222413,"IRL"
100222414,"IRL"
100222415,"IRL"
100222416,"IRL"
100222417,"IRL"
100222419,"IRN"
100222420,"IRN"
100222421,"IRN"
100222422,"IRN"
100222423,"IRN"
100222424,"IRN"
100222425,"IRN"
100222426,"IRN"
100222427,"IRN"
100222428,"IRN"
100222429,"IRN"
100222430,"IRN"
100222431,"IRN"
100222432,"IRN"
100222433,"IRN"
100222434,"IRN"
100222435,"IRN"
100222436,"IRN"
100222437,"IRN"
100222438,"IRN"
100222439,"IRN"
100222440,"IRN"
100222441,"IRN"
100222442,"IRN"
100222443,"IRN"
100222444,"IRN"
100222445,"IRN"
100222446,"IRN"
100222447,"IRN"
100222448,"IRN"
100222449,"IRN"
100222719,"IRQ"
100222720,"IRQ"
100222721,"IRQ"
100222722,"IRQ"
100222723,"IRQ"
100222724,"IRQ"
100222725,"IRQ"
100222726,"IRQ"
100222727,"IRQ"
100222728,"IRQ"
100222729,"IRQ"
100222730,"IRQ"
100222731,"IRQ"
100222732,"IRQ"
100222733,"IRQ"
100222734,"IRQ"
100222735,"IRQ"
100222736,"IRQ"
100222840,"ISL"
100222841,"ISL"
100222842,"ISL"
100222843,"ISL"
100222844,"ISL"
100222845,"ISL"
100222846,"ISL"
100222847,"ISL"
100222968,"ISR"
100222969,"ISR"
100222970,"ISR"
100222971,"ISR"
100222972,"ISR"
100222973,"ISR"
100222974,"ISR"
100222976,"ITA"
100222977,"ITA"
100222978,"ITA"
100222979,"ITA"
100222980,"ITA"
100222981,"ITA"
100222982,"ITA"
100222983,"ITA"
100222984,"ITA"
100222985,"ITA"
100222986,"ITA"
100222987,"ITA"
100222988,"ITA"
100222989,"ITA"
100222990,"ITA"
100222991,"ITA"
100222992,"ITA"
100222993,"ITA"
100222994,"ITA"
100222995,"ITA"
100231207,"JAM"
100231208,"JAM"
100231209,"JAM"
100231210,"JAM"
100231211,"JAM"
100231212,"JAM"
100231213,"JAM"
100231214,"JAM"
100231215,"JAM"
100231216,"JAM"
100231217,"JAM"
100231218,"JAM"
100231219,"JAM"
100231220,"JAM"
100231222,"JEY"
100231223,"JEY"
100231224,"JEY"
100231225,"JEY"
100231226,"JEY"
100231227,"JEY"
100231228,"JEY"
100231229,"JEY"
100231230,"JEY"
100231231,"JEY"
100231232,"JEY"
100231233,"JEY"
100231235,"JOR"
100231236,"JOR"
100231237,"JOR"
100231238,"JOR"
100231239,"JOR"
100231240,"JOR"
100231241,"JOR"
100231242,"JOR"
100231243,"JOR"
100231244,"JOR"
100231245,"JOR"
100231246,"JOR"
100231300,"JPN"
100231301,"JPN"
100231302,"JPN"
100231303,"JPN"
100231304,"JPN"
100231305,"JPN"
100231306,"JPN"
100231307,"JPN"
100231308,"JPN"
100231309,"JPN"
100231310,"JPN"
100231311,"JPN"
100231312,"JPN"
100231313,"JPN"
100231314,"JPN"
100231315,"JPN"
100231316,"JPN"
100231317,"JPN"
100231318,"JPN"
100231319,"JPN"
100231320,"JPN"
100231321,"JPN"
100231322,"JPN"
100231323,"JPN"
100231324,"JPN"
100231325,"JPN"
100231326,"JPN"
100231327,"JPN"
100231328,"JPN"
100231329,"JPN"
100231330,"JPN"
100231331,"JPN"
100231332,"JPN"
100231333,"JPN"
100231334,"JPN"
100231335,"JPN"
100231336,"JPN"
100231337,"JPN"
100231338,"JPN"
100231339,"JPN"
100231340,"JPN"
100231341,"JPN"
100231342,"JPN"
100231343,"JPN"
100231344,"JPN"
100231345,"JPN"
100231346,"JPN"
100233159,"KAZ"
100233160,"KAZ"
100233161,"KAZ"
100233162,"KAZ"
100233163,"KAZ"
100233164,"KAZ"
100233165,"KAZ"
100233166,"KAZ"
100233167,"KAZ"
100233168,"KAZ"
100233169,"KAZ"
100233170,"KAZ"
100233171,"KAZ"
100233172,"KAZ"
100233348,"KEN"
100233349,"KEN"
100233350,"KEN"
100233351,"KEN"
100233352,"KEN"
100233353,"KEN"
100233354,"KEN"
100233355,"KEN"
100233356,"KEN"
100233357,"KEN"
100233358,"KEN"
100233359,"KEN"
100233360,"KEN"
100233361,"KEN"
100233362,"KEN"
100233363,"KEN"
100233364,"KEN"
100233365,"KEN"
100233366,"KEN"
100233367,"KEN"
100233368,"KEN"
100233369,"KEN"
100233370,"KEN"
100233371,"KEN"
100233372,"KEN"
100233373,"KEN"
100233374,"KEN"
100233375,"KEN"
100233376,"KEN"
100233377,"KEN"
100233378,"KEN"
100233379,"KEN"
100233380,"KEN"
100233381,"KEN"
100233382,"KEN"
100233383,"KEN"
100233384,"KEN"
100233385,"KEN"
100233386,"KEN"
100233387,"KEN"
100233388,"KEN"
100233389,"KEN"
100233390,"KEN"
100233391,"KEN"
100233392,"KEN"
100233393,"KEN"
100233394,"KEN"
100235143,"KGZ"
100235144,"KGZ"
100235145,"KGZ"
100235146,"KGZ"
100235147,"KGZ"
100235148,"KGZ"
100235149,"KGZ"
100235150,"KGZ"
100235151,"KGZ"
100235197,"KHM"
100235198,"KHM"
100235199,"KHM"
100235200,"KHM"
100235201,"KHM"
100235202,"KHM"
100235203,"KHM"
100235204,"KHM"
100235205,"KHM"
100235206,"KHM"
100235207,"KHM"
100235208,"KHM"
100235209,"KHM"
100235210,"KHM"
100235211,"KHM"
100235212,"KHM"
100235213,"KHM"
100235214,"KHM"
100235215,"KHM"
100235216,"KHM"
100235217,"KHM"
100235218,"KHM"
100235219,"KHM"
100235220,"KHM"
100235221,"KHM"
100238558,"KNA"
100238559,"KNA"
100238560,"KNA"
100238561,"KNA"
100238562,"KNA"
100238563,"KNA"
100238564,"KNA"
100238565,"KNA"
100238566,"KNA"
100238567,"KNA"
100238568,"KNA"
100238569,"KNA"
100238570,"KNA"
100238571,"KNA"
100238573,"KOR"
100238574,"KOR"
100238575,"KOR"
100238576,"KOR"
100238577,"KOR"
100238578,"KOR"
100238579,"KOR"
100238580,"KOR"
100238581,"KOR"
100238582,"KOR"
100238583,"KOR"
100238584,"KOR"
100238585,"KOR"
100238586,"KOR"
100238587,"KOR"
100238588,"KOR"
100238589,"KOR"
100238820,"KWT"
100238821,"KWT"
100238822,"KWT"
100238823,"KWT"
100238824,"KWT"
100238825,"KWT"
100238827,"LAO"
100238828,"LAO"
100238829,"LAO"
100238830,"LAO"
100238831,"LAO"
100238832,"LAO"
100238833,"LAO"
100238834,"LAO"
100238835,"LAO"
100238836,"LAO"
100238837,"LAO"
100238838,"LAO"
100238839,"LAO"
100238840,"LAO"
100238841,"LAO"
100238842,"LAO"
100238843,"LAO"
100238844,"LAO"
100238988,"LBN"
100238989,"LBN"
100238990,"LBN"
100238991,"LBN"
100238992,"LBN"
100238993,"LBN"
100238994,"LBN"
100238995,"LBN"
100240595,"LBR"
100240596,"LBR"
100240597,"LBR"
100240598,"LBR"
100240599,"LBR"
100240600,"LBR"
100240601,"LBR"
100240602,"LBR"
100240603,"LBR"
100240604,"LBR"
100240605,"LBR"
100240606,"LBR"
100240607,"LBR"
100240608,"LBR"
100240609,"LBR"
100240982,"LBY"
100240983,"LBY"
100240984,"LBY"
100240985,"LBY"
100240986,"LBY"
100240987,"LBY"
100240988,"LBY"
100240989,"LBY"
100240990,"LBY"
100240991,"LBY"
100240992,"LBY"
100240993,"LBY"
100240994,"LBY"
100240995,"LBY"
100240996,"LBY"
100240997,"LBY"
100240998,"LBY"
100240999,"LBY"
100241000,"LBY"
100241001,"LBY"
100241002,"LBY"
100241003,"LBY"
100241005,"LCA"
100241006,"LCA"
100241007,"LCA"
100241008,"LCA"
100241009,"LCA"
100241010,"LCA"
100241011,"LCA"
100241012,"LCA"
100241013,"LCA"
100241014,"LCA"
100241016,"LIE"
100241017,"LIE"
100241018,"LIE"
100241019,"LIE"
100241020,"LIE"
100241021,"LIE"
100241022,"LIE"
100241023,"LIE"
100241024,"LIE"
100241025,"LIE"
100241026,"LIE"
100241028,"LKA"
100241029,"LKA"
100241030,"LKA"
100241031,"LKA"
100241032,"LKA"
100241033,"LKA"
100241034,"LKA"
100241035,"LKA"
100241036,"LKA"
100241037,"LKA"
100241038,"LKA"
100241039,"LKA"
100241040,"LKA"
100241041,"LKA"
100241042,"LKA"
100241043,"LKA"
100241044,"LKA"
100241045,"LKA"
100241046,"LKA"
100241047,"LKA"
100241048,"LKA"
100241049,"LKA"
100241050,"LKA"
100241051,"LKA"
100241052,"LKA"
100241377,"LSO"
100241378,"LSO"
100241379,"LSO"
100241380,"LSO"
100241381,"LSO"
100241382,"LSO"
100241383,"LSO"
100241384,"LSO"
100241385,"LSO"
100241386,"LSO"
100241388,"LTU"
100241389,"LTU"
100241390,"LTU"
100241391,"LTU"
100241392,"LTU"
100241393,"LTU"
100241394,"LTU"
100241395,"LTU"
100241396,"LTU"
100241397,"LTU"
100241447,"LUX"
100241448,"LUX"
100241449,"LUX"
100241718,"LVA"
100241719,"LVA"
100241720,"LVA"
100241721,"LVA"
100241722,"LVA"
100241750,"MAC"
100241751,"MAC"
100241766,"MAR"
100241767,"MAR"
100241768,"ESH"
100241769,"MAR"
100241770,"MAR"
100241771,"MAR"
100241772,"MAR"
100241773,"MAR"
100241774,"MAR"
100241775,"MAR"
100241794,"ESH"
100243747,"MDA"
100243748,"MDA"
100243749,"MDA"
100243750,"MDA"
100243751,"MDA"
100243752,"MDA"
100243753,"MDA"
100243754,"MDA"
100243755,"MDA"
100243756,"MDA"
100243757,"MDA"
100243758,"MDA"
100243759,"MDA"
100243760,"MDA"
100243761,"MDA"
100243762,"MDA"
100243763,"MDA"
100243764,"MDA"
100243765,"MDA"
100243766,"MDA"
100243767,"MDA"
100243768,"MDA"
100243769,"MDA"
100243770,"MDA"
100243771,"MDA"
100243772,"MDA"
100243773,"MDA"
100243774,"MDA"
100243775,"MDA"
100243776,"MDA"
100243777,"MDA"
100243778,"MDA"
100243779,"MDA"
100243780,"MDA"
100243781,"MDA"
100243782,"MDA"
100243783,"MDA"
100243785,"MDG"
100243786,"MDG"
100243787,"MDG"
100243788,"MDG"
100243789,"MDG"
100243790,"MDG"
100245358,"MEX"
100245359,"MEX"
100245360,"MEX"
100245361,"MEX"
100245362,"MEX"
100245363,"MEX"
100245364,"MEX"
100245365,"MEX"
100245366,"MEX"
100245367,"MEX"
100245368,"MEX"
100245369,"MEX"
100245370,"MEX"
100245371,"MEX"
100245372,"MEX"
100245373,"MEX"
100245374,"MEX"
100245375,"MEX"
100245376,"MEX"
100245377,"MEX"
100245378,"MEX"
100245379,"MEX"
100245380,"MEX"
100245381,"MEX"
100245382,"MEX"
100245383,"MEX"
100245384,"MEX"
100245385,"MEX"
100245386,"MEX"
100245387,"MEX"
100245388,"MEX"
100245389,"MEX"
100247246,"MKD"
100247247,"MKD"
100247248,"MKD"
100247249,"MKD"
100247250,"MKD"
100247251,"MKD"
100247252,"MKD"
100247253,"MKD"
100247254,"MKD"
100247255,"MKD"
100247256,"MKD"
100247257,"MKD"
100247258,"MKD"
100247259,"MKD"
100247260,"MKD"
100247261,"MKD"
100247262,"MKD"
100247263,"MKD"
100247264,"MKD"
100247265,"MKD"
100247266,"MKD"
100247267,"MKD"
100247268,"MKD"
100247269,"MKD"
100247270,"MKD"
100247271,"MKD"
100247272,"MKD"
100247273,"MKD"
100247274,"MKD"
100247275,"MKD"
100247276,"MKD"
100247277,"MKD"
100247278,"MKD"
100247279,"MKD"
100247280,"MKD"
100247281,"MKD"
100247282,"MKD"
100247283,"MKD"
100247284,"MKD"
100247285,"MKD"
100247286,"MKD"
100247287,"MKD"
100247288,"MKD"
100247289,"MKD"
100247290,"MKD"
100247291,"MKD"
100247292,"MKD"
100247293,"MKD"
100247294,"MKD"
100247295,"MKD"
100247296,"MKD"
100247297,"MKD"
100247298,"MKD"
100247299,"MKD"
100247300,"MKD"
100247301,"MKD"
100247302,"MKD"
100247303,"MKD"
100247304,"MKD"
100247305,"MKD"
100247306,"MKD"
100247307,"MKD"
100247308,"MKD"
100247309,"MKD"
100247310,"MKD"
100247311,"MKD"
100247312,"MKD"
100247313,"MKD"
100247314,"MKD"
100247315,"MKD"
100247316,"MKD"
100247317,"MKD"
100247318,"MKD"
100247319,"MKD"
100247320,"MKD"
100247321,"MKD"
100247322,"MKD"
100247323,"MKD"
100247324,"MKD"
100247325,"MKD"
100247326,"MKD"
100247327,"MKD"
100247328,"MKD"
100247329,"MKD"
100247330,"MKD"
100247332,"MLI"
100247333,"MLI"
100247334,"MLI"
100247335,"MLI"
100247336,"MLI"
100247337,"MLI"
100247338,"MLI"
100247339,"MLI"
100247340,"MLI"
100248385,"MLT"
100248386,"MLT"
100248387,"MLT"
100248388,"MLT"
100248389,"MLT"
100248459,"MMR"
100248460,"MMR"
100248461,"MMR"
100248462,"MMR"
100248463,"MMR"
100248464,"MMR"
100248465,"MMR"
100248466,"MMR"
100248467,"MMR"
100248468,"MMR"
100248469,"MMR"
100248470,"MMR"
100248471,"MMR"
100248472,"MMR"
100248473,"MMR"
100248824,"MNE"
100248825,"MNE"
100248826,"MNE"
100248827,"MNE"
100248828,"MNE"
100248829,"MNE"
100248830,"MNE"
100248831,"MNE"
100248832,"MNE"
100248833,"MNE"
100248834,"MNE"
100248835,"MNE"
100248836,"MNE"
100248837,"MNE"
100248838,"MNE"
100248839,"MNE"
100248840,"MNE"
100248841,"MNE"
100248842,"MNE"
100248843,"MNE"
100248844,"MNE"
100248846,"MNG"
100248847,"MNG"
100248848,"MNG"
100248849,"MNG"
100248850,"MNG"
100248851,"MNG"
100248852,"MNG"
100248853,"MNG"
100248854,"MNG"
100248855,"MNG"
100248856,"MNG"
100248857,"MNG"
100248858,"MNG"
100248859,"MNG"
100248860,"MNG"
100248861,"MNG"
100248862,"MNG"
100248863,"MNG"
100248864,"MNG"
100248865,"MNG"
100248866,"MNG"
100248867,"MNG"
100249196,"MNP"
100249197,"MNP"
100249198,"MNP"
100249199,"MNP"
100249201,"MOZ"
100249202,"MOZ"
100249203,"MOZ"
100249204,"MOZ"
100249205,"MOZ"
100249206,"MOZ"
100249207,"MOZ"
100249208,"MOZ"
100249209,"MOZ"
100249210,"MOZ"
100249211,"MOZ"
100249755,"MRT"
100249756,"MRT"
100249757,"MRT"
100249758,"MRT"
100249759,"MRT"
100249760,"MRT"
100249761,"MRT"
100249762,"MRT"
100249763,"MRT"
100249764,"MRT"
100249765,"MRT"
100249766,"MRT"
100249767,"MRT"
100249813,"MSR"
100249814,"MSR"
100249815,"MSR"
100249817,"MTQ"
100249818,"MTQ"
100249819,"MTQ"
100249820,"MTQ"
100249854,"MUS"
100249855,"MUS"
100249856,"MUS"
100249857,"MUS"
100249858,"MUS"
100249859,"MUS"
100249860,"MUS"
100249861,"MUS"
100249862,"MUS"
100249863,"MUS"
100249864,"MUS"
100249865,"MUS"
100249867,"MWI"
100249868,"MWI"
100249869,"MWI"
100249870,"MWI"
100249871,"MWI"
100249872,"MWI"
100249873,"MWI"
100249874,"MWI"
100249875,"MWI"
100249876,"MWI"
100249877,"MWI"
100249878,"MWI"
100249879,"MWI"
100249880,"MWI"
100249881,"MWI"
100249882,"MWI"
100249883,"MWI"
100249884,"MWI"
100249885,"MWI"
100249886,"MWI"
100249887,"MWI"
100249888,"MWI"
100249889,"MWI"
100249890,"MWI"
100249891,"MWI"
100249892,"MWI"
100249893,"MWI"
100249894,"MWI"
100253278,"MYS"
100253279,"MYS"
100253280,"MYS"
100253281,"MYS"
100253282,"MYS"
100253283,"MYS"
100253284,"MYS"
100253285,"MYS"
100253286,"MYS"
100253287,"MYS"
100253288,"MYS"
100253289,"MYS"
100253290,"MYS"
100253291,"MYS"
100253292,"MYS"
100253293,"MYS"
100253439,"MYT"
100253440,"MYT"
100253441,"MYT"
100253442,"MYT"
100253443,"MYT"
100253444,"MYT"
100253445,"MYT"
100253446,"MYT"
100253447,"MYT"
100253448,"MYT"
100253449,"MYT"
100253450,"MYT"
100253451,"MYT"
100253452,"MYT"
100253453,"MYT"
100253454,"MYT"
100253455,"MYT"
100253457,"NAM"
100253458,"NAM"
100253459,"NAM"
100253460,"NAM"
100253461,"NAM"
100253462,"NAM"
100253463,"NAM"
100253464,"NAM"
100253465,"NAM"
100253466,"NAM"
100253467,"NAM"
100253468,"NAM"
100253469,"NAM"
100253578,"NCL"
100253579,"NCL"
100253580,"NCL"
100253617,"NER"
100253618,"NER"
100253619,"NER"
100253620,"NER"
100253621,"NER"
100253622,"NER"
100253623,"NER"
100253624,"NER"
100253794,"NGA"
100253795,"NGA"
100253796,"NGA"
100253797,"NGA"
100253798,"NGA"
100253799,"NGA"
100253800,"NGA"
100253801,"NGA"
100253802,"NGA"
100253803,"NGA"
100253804,"NGA"
100253805,"NGA"
100253806,"NGA"
100253807,"NGA"
100253808,"NGA"
100253809,"NGA"
100253810,"NGA"
100253811,"NGA"
100253812,"NGA"
100253813,"NGA"
100253814,"NGA"
100253815,"NGA"
100253816,"NGA"
100253817,"NGA"
100253818,"NGA"
100253819,"NGA"
100253820,"NGA"
100253821,"NGA"
100253822,"NGA"
100253823,"NGA"
100253824,"NGA"
100253825,"NGA"
100253826,"NGA"
100253827,"NGA"
100253828,"NGA"
100253829,"NGA"
100253830,"NGA"
100254607,"NIC"
100254608,"NIC"
100254609,"NIC"
100254610,"NIC"
100254611,"NIC"
100254612,"NIC"
100254613,"NIC"
100254614,"NIC"
100254615,"NIC"
100254616,"NIC"
100254617,"NIC"
100254618,"NIC"
100254619,"NIC"
100254620,"NIC"
100254621,"NIC"
100254622,"NIC"
100254623,"NIC"
100254624,"NIC"
100254766,"NLD"
100254767,"NLD"
100254768,"NLD"
100254769,"NLD"
100254770,"NLD"
100254771,"NLD"
100254772,"NLD"
100254773,"NLD"
100254774,"NLD"
100254775,"NLD"
100254776,"NLD"
100254777,"NLD"
100254778,"NLD"
100254779,"NLD"
100255272,"NOR"
100255273,"NOR"
100255274,"NOR"
100255275,"NOR"
100255276,"NOR"
100255277,"NOR"
100255278,"NOR"
100255279,"NOR"
100255280,"NOR"
100255281,"NOR"
100255282,"NOR"
100255283,"NOR"
100255284,"NOR"
100255285,"NOR"
100255286,"NOR"
100255287,"NOR"
100255288,"NOR"
100255289,"NOR"
100255290,"NOR"
100255730,"NPL"
100255731,"NPL"
100255732,"NPL"
100255733,"NPL"
100255734,"NPL"
100259808,"NRU"
100259809,"NRU"
100259810,"NRU"
100259811,"NRU"
100259812,"NRU"
100259813,"NRU"
100259814,"NRU"
100259815,"NRU"
100259816,"NRU"
100259817,"NRU"
100259818,"NRU"
100259819,"NRU"
100259820,"NRU"
100259821,"NRU"
100259823,"NZL"
100259824,"NZL"
100259825,"NZL"
100259826,"NZL"
100259827,"NZL"
100259828,"NZL"
100259829,"NZL"
100259830,"NZL"
100259831,"NZL"
100259832,"NZL"
100259833,"NZL"
100259834,"NZL"
100259835,"NZL"
100259836,"NZL"
100259837,"NZL"
100259838,"NZL"
100259839,"NZL"
100259840,"NZL"
100259841,"NZL"
100259918,"OMN"
100259919,"OMN"
100259920,"OMN"
100259921,"OMN"
100259922,"OMN"
100259923,"OMN"
100259924,"OMN"
100259925,"OMN"
100259926,"OMN"
100259927,"OMN"
100259928,"OMN"
100260161,"PAN"
100260162,"PAN"
100260163,"PAN"
100260164,"PAN"
100260165,"PAN"
100260166,"PAN"
100260167,"PAN"
100260168,"PAN"
100260169,"PAN"
100260170,"PAN"
100260171,"PAN"
100260172,"PAN"
100260173,"PAN"
100260853,"PER"
100260854,"PER"
100260855,"PER"
100260856,"PER"
100260857,"PER"
100260858,"PER"
100260859,"PER"
100260860,"PER"
100260861,"PER"
100260862,"PER"
100260863,"PER"
100260864,"PER"
100260865,"PER"
100260866,"PER"
100260867,"PER"
100260868,"PER"
100260869,"PER"
100260870,"PER"
100260871,"PER"
100260872,"PER"
100260873,"PER"
100260874,"PER"
100260875,"PER"
100260876,"PER"
100260877,"PER"
100260878,"PER"
100262890,"PHL"
100262891,"PHL"
100262892,"PHL"
100262893,"PHL"
100262894,"PHL"
100262895,"PHL"
100262896,"PHL"
100262897,"PHL"
100262898,"PHL"
100262899,"PHL"
100262900,"PHL"
100262901,"PHL"
100262902,"PHL"
100262903,"PHL"
100262904,"PHL"
100262905,"PHL"
100262906,"PHL"
100262907,"PHL"
100262908,"PHL"
100262909,"PHL"
100262910,"PHL"
100262911,"PHL"
100262912,"PHL"
100262913,"PHL"
100262914,"PHL"
100262915,"PHL"
100262916,"PHL"
100262917,"PHL"
100262918,"PHL"
100262919,"PHL"
100262920,"PHL"
100262921,"PHL"
100262922,"PHL"
100262923,"PHL"
100262924,"PHL"
100262925,"PHL"
100262926,"PHL"
100262927,"PHL"
100262928,"PHL"
100262929,"PHL"
100262930,"PHL"
100262931,"PHL"
100262932,"PHL"
100262933,"PHL"
100262934,"PHL"
100262935,"PHL"
100262936,"PHL"
100262937,"PHL"
100262938,"PHL"
100262939,"PHL"
100262940,"PHL"
100262941,"PHL"
100262942,"PHL"
100262943,"PHL"
100262944,"PHL"
100262945,"PHL"
100262946,"PHL"
100262947,"PHL"
100262948,"PHL"
100262949,"PHL"
100262950,"PHL"
100262951,"PHL"
100262952,"PHL"
100262953,"PHL"
100262954,"PHL"
100262955,"PHL"
100262956,"PHL"
100262957,"PHL"
100262958,"PHL"
100262959,"PHL"
100262960,"PHL"
100262961,"PHL"
100262962,"PHL"
100262963,"PHL"
100262964,"PHL"
100262965,"PHL"
100262966,"PHL"
100262967,"PHL"
100262968,"PHL"
100262969,"PHL"
100262970,"PHL"
100306567,"PLW"
100306568,"PLW"
100306569,"PLW"
100306570,"PLW"
100306571,"PLW"
100306572,"PLW"
100306573,"PLW"
100306574,"PLW"
100306575,"PLW"
100306576,"PLW"
100306577,"PLW"
100306578,"PLW"
100306579,"PLW"
100306580,"PLW"
100306581,"PLW"
100306582,"PLW"
100306584,"PNG"
100306585,"PNG"
100306586,"PNG"
100306587,"PNG"
100306588,"PNG"
100306589,"PNG"
100306590,"PNG"
100306591,"PNG"
100306592,"PNG"
100306593,"PNG"
100306594,"PNG"
100306595,"PNG"
100306596,"PNG"
100306597,"PNG"
100306598,"PNG"
100306599,"PNG"
100306600,"PNG"
100306601,"PNG"
100306602,"PNG"
100306603,"PNG"
100306604,"PNG"
100306605,"PNG"
100306694,"POL"
100306695,"POL"
100306696,"POL"
100306697,"POL"
100306698,"POL"
100306699,"POL"
100306700,"POL"
100306701,"POL"
100306702,"POL"
100306703,"POL"
100306704,"POL"
100306705,"POL"
100306706,"POL"
100306707,"POL"
100306708,"POL"
100306709,"POL"
100309570,"PRI"
100309571,"PRI"
100309572,"PRI"
100309573,"PRI"
100309574,"PRI"
100309575,"PRI"
100309576,"PRI"
100309577,"PRI"
100309578,"PRI"
100309579,"PRI"
100309580,"PRI"
100309581,"PRI"
100309582,"PRI"
100309583,"PRI"
100309584,"PRI"
100309585,"PRI"
100309586,"PRI"
100309587,"PRI"
100309588,"PRI"
100309589,"PRI"
100309590,"PRI"
100309591,"PRI"
100309592,"PRI"
100309593,"PRI"
100309594,"PRI"
100309595,"PRI"
100309596,"PRI"
100309597,"PRI"
100309598,"PRI"
100309599,"PRI"
100309600,"PRI"
100309601,"PRI"
100309602,"PRI"
100309603,"PRI"
100309604,"PRI"
100309605,"PRI"
100309606,"PRI"
100309607,"PRI"
100309608,"PRI"
100309609,"PRI"
100309610,"PRI"
100309611,"PRI"
100309612,"PRI"
100309613,"PRI"
100309614,"PRI"
100309615,"PRI"
100309616,"PRI"
100309617,"PRI"
100309618,"PRI"
100309619,"PRI"
100309620,"PRI"
100309621,"PRI"
100309622,"PRI"
100309623,"PRI"
100309624,"PRI"
100309625,"PRI"
100309626,"PRI"
100309627,"PRI"
100309628,"PRI"
100309629,"PRI"
100309630,"PRI"
100309631,"PRI"
100309632,"PRI"
100309633,"PRI"
100309634,"PRI"
100309635,"PRI"
100309636,"PRI"
100309637,"PRI"
100309638,"PRI"
100309639,"PRI"
100309640,"PRI"
100309641,"PRI"
100309642,"PRI"
100309643,"PRI"
100309644,"PRI"
100309645,"PRI"
100309646,"PRI"
100309647,"PRI"
100309649,"PRK"
100309650,"PRK"
100309651,"PRK"
100309652,"PRK"
100309653,"PRK"
100309654,"PRK"
100309655,"PRK"
100309656,"PRK"
100309657,"PRK"
100309658,"PRK"
100309659,"PRK"
100309660,"PRK"
100309661,"PRK"
100309662,"PRK"
100309850,"PRT"
100309851,"PRT"
100309852,"PRT"
100309853,"PRT"
100309854,"PRT"
100309855,"PRT"
100309856,"PRT"
100309857,"PRT"
100309858,"PRT"
100309859,"PRT"
100309860,"PRT"
100309861,"PRT"
100309862,"PRT"
100309863,"PRT"
100309864,"PRT"
100309865,"PRT"
100309866,"PRT"
100309867,"PRT"
100309868,"PRT"
100309869,"PRT"
100314439,"PRY"
100314440,"PRY"
100314441,"PRY"
100314442,"PRY"
100314443,"PRY"
100314444,"PRY"
100314445,"PRY"
100314446,"PRY"
100314447,"PRY"
100314448,"PRY"
100314449,"PRY"
100314450,"PRY"
100314451,"PRY"
100314452,"PRY"
100314453,"PRY"
100314454,"PRY"
100314455,"PRY"
100314456,"PRY"
100314676,"PSE"
100314677,"PSE"
100314695,"PYF"
100314696,"PYF"
100314697,"PYF"
100314698,"PYF"
100314699,"PYF"
100314701,"QAT"
100314702,"QAT"
100314703,"QAT"
100314704,"QAT"
100314705,"QAT"
100314706,"QAT"
100314707,"QAT"
100314709,"REU"
100314710,"REU"
100314711,"REU"
100314712,"REU"
100314738,"ROU"
100314739,"ROU"
100314740,"ROU"
100314741,"ROU"
100314742,"ROU"
100314743,"ROU"
100314744,"ROU"
100314745,"ROU"
100314746,"ROU"
100314747,"ROU"
100314748,"ROU"
100314749,"ROU"
100314750,"ROU"
100314751,"ROU"
100314752,"ROU"
100314753,"ROU"
100314754,"ROU"
100314755,"ROU"
100314756,"ROU"
100314757,"ROU"
100314758,"ROU"
100314759,"ROU"
100314760,"ROU"
100314761,"ROU"
100314762,"ROU"
100314763,"ROU"
100314764,"ROU"
100314765,"ROU"
100314766,"ROU"
100314767,"ROU"
100314768,"ROU"
100314769,"ROU"
100314770,"ROU"
100314771,"ROU"
100314772,"ROU"
100314773,"ROU"
100314774,"ROU"
100314775,"ROU"
100314776,"ROU"
100314777,"ROU"
100314778,"ROU"
100314779,"ROU"
100317720,"RUS"
100317721,"RUS"
100317722,"RUS"
100317723,"RUS"
100317724,"RUS"
100317725,"RUS"
100317726,"RUS"
100317727,"RUS"
100317728,"RUS"
100317729,"RUS"
100317730,"RUS"
100317731,"RUS"
100317732,"RUS"
100317733,"RUS"
100317734,"RUS"
100317735,"RUS"
100317736,"RUS"
100317737,"RUS"
100317738,"RUS"
100317739,"RUS"
100317740,"RUS"
100317741,"RUS"
100317742,"RUS"
100317743,"RUS"
100317744,"RUS"
100317745,"RUS"
100317746,"RUS"
100317747,"RUS"
100317748,"RUS"
100317749,"RUS"
100317750,"RUS"
100317751,"RUS"
100317752,"RUS"
100317753,"RUS"
100317754,"RUS"
100317755,"RUS"
100317756,"RUS"
100317757,"RUS"
100317758,"RUS"
100317759,"RUS"
100317760,"RUS"
100317761,"RUS"
100317762,"RUS"
100317763,"RUS"
100317764,"RUS"
100317765,"RUS"
100317766,"RUS"
100317767,"RUS"
100317768,"RUS"
100317769,"RUS"
100317770,"RUS"
100317771,"RUS"
100317772,"RUS"
100317773,"RUS"
100317774,"RUS"
100317775,"RUS"
100317776,"RUS"
100317777,"RUS"
100317778,"RUS"
100317779,"RUS"
100317780,"RUS"
100317781,"RUS"
100317782,"RUS"
100317783,"RUS"
100317784,"RUS"
100317785,"RUS"
100317786,"RUS"
100317787,"RUS"
100317788,"RUS"
100317789,"RUS"
100317790,"RUS"
100317791,"RUS"
100317792,"RUS"
100317793,"RUS"
100317794,"RUS"
100317795,"RUS"
100317796,"RUS"
100317797,"RUS"
100317798,"RUS"
100317799,"RUS"
100317800,"RUS"
100317801,"RUS"
100317802,"RUS"
100322811,"RWA"
100322812,"RWA"
100322813,"RWA"
100322814,"RWA"
100322815,"RWA"
100340253,"SAU"
100340254,"SAU"
100340255,"SAU"
100340256,"SAU"
100340257,"SAU"
100340258,"SAU"
100340259,"SAU"
100340260,"SAU"
100340261,"SAU"
100340262,"SAU"
100340263,"SAU"
100340264,"SAU"
100340265,"SAU"
100340267,"SDN"
100340268,"SDN"
100340269,"SDN"
100340270,"SDN"
100340271,"SDN"
100340272,"SDN"
100340273,"SDN"
100340274,"SDN"
100340275,"SDN"
100340276,"SDN"
100340277,"SDN"
100340278,"SDN"
100340279,"SDN"
100340280,"SDN"
100340281,"SDN"
100340282,"SDN"
100340283,"SDN"
100340284,"SDN"
100340603,"SEN"
100340604,"SEN"
100340605,"SEN"
100340606,"SEN"
100340607,"SEN"
100340608,"SEN"
100340609,"SEN"
100340610,"SEN"
100340611,"SEN"
100340612,"SEN"
100340613,"SEN"
100340614,"SEN"
100340615,"SEN"
100340616,"SEN"
100341219,"SGP"
100341220,"SGP"
100341221,"SGP"
100341222,"SGP"
100341223,"SGP"
100341226,"SHN"
100341227,"SHN"
100341228,"SHN"
100341240,"SJM"
100341241,"SJM"
100341243,"SLB"
100341244,"SLB"
100341245,"SLB"
100341246,"SLB"
100341247,"SLB"
100341248,"SLB"
100341249,"SLB"
100341250,"SLB"
100341251,"SLB"
100341252,"SLB"
100341437,"SLE"
100341438,"SLE"
100341439,"SLE"
100341440,"SLE"
100341609,"SLV"
100341610,"SLV"
100341611,"SLV"
100341612,"SLV"
100341613,"SLV"
100341614,"SLV"
100341615,"SLV"
100341616,"SLV"
100341617,"SLV"
100341618,"SLV"
100341619,"SLV"
100341620,"SLV"
100341621,"SLV"
100341622,"SLV"
100341890,"SMR"
100341891,"SMR"
100341892,"SMR"
100341893,"SMR"
100341894,"SMR"
100341895,"SMR"
100341896,"SMR"
100341897,"SMR"
100341898,"SMR"
100341900,"SOM"
100341901,"SOM"
100341902,"SOM"
100341903,"SOM"
100341904,"SOM"
100341905,"SOM"
100341906,"SOM"
100341907,"SOM"
100341908,"SOM"
100341909,"SOM"
100341910,"SOM"
100341911,"SOM"
100341912,"SOM"
100341913,"SOM"
100341914,"SOM"
100341915,"SOM"
100341916,"SOM"
100341917,"SOM"
100341993,"SPM"
100341994,"SPM"
100341996,"SRB"
100341997,"SRB"
100341998,"SRB"
100341999,"SRB"
100342000,"SRB"
100342001,"SRB"
100342002,"SRB"
100342003,"SRB"
100342004,"SRB"
100342005,"SRB"
100342006,"SRB"
100342007,"SRB"
100342008,"SRB"
100342009,"SRB"
100342010,"SRB"
100342011,"SRB"
100342012,"SRB"
100342013,"SRB"
100342014,"SRB"
100342015,"SRB"
100342016,"SRB"
100342017,"SRB"
100342018,"SRB"
100342019,"SRB"
100342020,"SRB"
100342183,"SSD"
100342184,"SSD"
100342185,"SSD"
100342186,"SSD"
100342187,"SSD"
100342188,"SSD"
100342189,"SSD"
100342190,"SSD"
100342191,"SSD"
100342192,"SSD"
100342288,"STP"
100342289,"STP"
100342298,"SUR"
100342299,"SUR"
100342300,"SUR"
100342301,"SUR"
100342302,"SUR"
100342303,"SUR"
100342304,"SUR"
100342305,"SUR"
100342306,"SUR"
100342307,"SUR"
100342371,"SVK"
100342372,"SVK"
100342373,"SVK"
100342374,"SVK"
100342375,"SVK"
100342376,"SVK"
100342377,"SVK"
100342378,"SVK"
100342459,"SVN"
100342460,"SVN"
100342461,"SVN"
100342462,"SVN"
100342463,"SVN"
100342464,"SVN"
100342465,"SVN"
100342466,"SVN"
100342467,"SVN"
100342468,"SVN"
100342469,"SVN"
100342470,"SVN"
100342664,"SWE"
100342665,"SWE"
100342666,"SWE"
100342667,"SWE"
100342668,"SWE"
100342669,"SWE"
100342670,"SWE"
100342671,"SWE"
100342672,"SWE"
100342673,"SWE"
100342674,"SWE"
100342675,"SWE"
100342676,"SWE"
100342677,"SWE"
100342678,"SWE"
100342679,"SWE"
100342680,"SWE"
100342681,"SWE"
100342682,"SWE"
100342683,"SWE"
100342684,"SWE"
100342976,"SWZ"
100342977,"SWZ"
100342978,"SWZ"
100342979,"SWZ"
100343037,"SYC"
100343038,"SYC"
100343039,"SYC"
100343040,"SYC"
100343041,"SYC"
100343042,"SYC"
100343043,"SYC"
100343044,"SYC"
100343045,"SYC"
100343046,"SYC"
100343047,"SYC"
100343048,"SYC"
100343049,"SYC"
100343050,"SYC"
100343051,"SYC"
100343052,"SYC"
100343053,"SYC"
100343054,"SYC"
100343055,"SYC"
100343056,"SYC"
100343057,"SYC"
100343058,"SYC"
100343059,"SYC"
100343060,"SYC"
100343061,"SYC"
100343062,"SYC"
100343064,"SYR"
100343065,"SYR"
100343066,"SYR"
100343067,"SYR"
100343068,"SYR"
100343069,"SYR"
100343070,"SYR"
100343071,"SYR"
100343072,"SYR"
100343073,"SYR"
100343074,"SYR"
100343075,"SYR"
100343076,"SYR"
100343077,"SYR"
100343139,"TCA"
100343140,"TCA"
100343141,"TCA"
100343142,"TCA"
100343143,"TCA"
100343144,"TCA"
100343146,"TCD"
100343147,"TCD"
100343148,"TCD"
100343149,"TCD"
100343150,"TCD"
100343151,"TCD"
100343152,"TCD"
100343153,"TCD"
100343154,"TCD"
100343155,"TCD"
100343156,"TCD"
100343157,"TCD"
100343158,"TCD"
100343159,"TCD"
100343160,"TCD"
100343161,"TCD"
100343162,"TCD"
100343163,"TCD"
100343164,"TCD"
100343165,"TCD"
100343166,"TCD"
100343167,"TCD"
100343168,"TCD"
100343573,"TGO"
100343574,"TGO"
100343575,"TGO"
100343576,"TGO"
100343577,"TGO"
100343600,"THA"
100343601,"THA"
100343602,"THA"
100343603,"THA"
100343604,"THA"
100343605,"THA"
100343606,"THA"
100343607,"THA"
100343608,"THA"
100343609,"THA"
100343610,"THA"
100343611,"THA"
100343612,"THA"
100343613,"THA"
100343614,"THA"
100343615,"THA"
100343616,"THA"
100343617,"THA"
100343618,"THA"
100343619,"THA"
100343620,"THA"
100343621,"THA"
100343622,"THA"
100343623,"THA"
100343624,"THA"
100343625,"THA"
100343626,"THA"
100343627,"THA"
100343628,"THA"
100343629,"THA"
100343630,"THA"
100343631,"THA"
100343632,"THA"
100343633,"THA"
100343634,"THA"
100343635,"THA"
100343636,"THA"
100343637,"THA"
100343638,"THA"
100343639,"THA"
100343640,"THA"
100343641,"THA"
100343642,"THA"
100343643,"THA"
100343644,"THA"
100343645,"THA"
100343646,"THA"
100343647,"THA"
100343648,"THA"
100343649,"THA"
100343650,"THA"
100343651,"THA"
100343652,"THA"
100343653,"THA"
100343654,"THA"
100343655,"THA"
100343656,"THA"
100343657,"THA"
100343658,"THA"
100343659,"THA"
100343660,"THA"
100343661,"THA"
100343662,"THA"
100343663,"THA"
100343664,"THA"
100343665,"THA"
100343666,"THA"
100343667,"THA"
100343668,"THA"
100343669,"THA"
100343670,"THA"
100343671,"THA"
100343672,"THA"
100343673,"THA"
100343674,"THA"
100343675,"THA"
100343676,"THA"
100350532,"TJK"
100350533,"TJK"
100350534,"TJK"
100350535,"TJK"
100350536,"TJK"
100350957,"TKL"
100350958,"TKL"
100350959,"TKL"
100350961,"TKM"
100350962,"TKM"
100350963,"TKM"
100350964,"TKM"
100350965,"TKM"
100350966,"TKM"
100350968,"TLS"
100350969,"TLS"
100350970,"TLS"
100350971,"TLS"
100350972,"TLS"
100350973,"TLS"
100350974,"TLS"
100350975,"TLS"
100350976,"TLS"
100350977,"TLS"
100350978,"TLS"
100350979,"TLS"
100350980,"TLS"
100351537,"TON"
100351538,"TON"
100351539,"TON"
100351540,"TON"
100351541,"TON"
100351543,"TTO"
100351544,"TTO"
100351545,"TTO"
100351546,"TTO"
100351547,"TTO"
100351548,"TTO"
100351549,"TTO"
100351550,"TTO"
100351551,"TTO"
100351552,"TTO"
100351553,"TTO"
100351554,"TTO"
100351555,"TTO"
100351556,"TTO"
100351557,"TTO"
100351559,"TUN"
100351560,"TUN"
100351561,"TUN"
100351562,"TUN"
100351563,"TUN"
100351564,"TUN"
100351565,"TUN"
100351566,"TUN"
100351567,"TUN"
100351568,"TUN"
100351569,"TUN"
100351570,"TUN"
100351571,"TUN"
100351572,"TUN"
100351573,"TUN"
100351574,"TUN"
100351575,"TUN"
100351576,"TUN"
100351577,"TUN"
100351578,"TUN"
100351579,"TUN"
100351580,"TUN"
100351581,"TUN"
100351582,"TUN"
100351852,"TUR"
100351853,"TUR"
100351854,"TUR"
100351855,"TUR"
100351856,"TUR"
100351857,"TUR"
100351858,"TUR"
100351859,"TUR"
100351860,"TUR"
100351861,"TUR"
100351862,"TUR"
100351863,"TUR"
100351864,"TUR"
100351865,"TUR"
100351866,"TUR"
100351867,"TUR"
100351868,"TUR"
100351869,"TUR"
100351870,"TUR"
100351871,"TUR"
100351872,"TUR"
100351873,"TUR"
100351874,"TUR"
100351875,"TUR"
100351876,"TUR"
100351877,"TUR"
100351878,"TUR"
100351879,"TUR"
100351880,"TUR"
100351881,"TUR"
100351882,"TUR"
100351883,"TUR"
100351884,"TUR"
100351885,"TUR"
100351886,"TUR"
100351887,"TUR"
100351888,"TUR"
100351889,"TUR"
100351890,"TUR"
100351891,"TUR"
100351892,"TUR"
100351893,"TUR"
100351894,"TUR"
100351895,"TUR"
100351896,"TUR"
100351897,"TUR"
100351898,"TUR"
100351899,"TUR"
100351900,"TUR"
100351901,"TUR"
100351902,"TUR"
100351903,"TUR"
100351904,"TUR"
100351905,"TUR"
100351906,"TUR"
100351907,"TUR"
100351908,"TUR"
100351909,"TUR"
100351910,"TUR"
100351911,"TUR"
100351912,"TUR"
100351913,"TUR"
100351914,"TUR"
100351915,"TUR"
100351916,"TUR"
100351917,"TUR"
100351918,"TUR"
100351919,"TUR"
100351920,"TUR"
100351921,"TUR"
100351922,"TUR"
100351923,"TUR"
100351924,"TUR"
100351925,"TUR"
100351926,"TUR"
100351927,"TUR"
100351928,"TUR"
100351929,"TUR"
100351930,"TUR"
100351931,"TUR"
100351932,"TUR"
100352862,"TUV"
100352863,"TUV"
100352864,"TUV"
100352865,"TUV"
100352866,"TUV"
100352867,"TUV"
100352868,"TUV"
100352869,"TUV"
100352870,"TUV"
100352872,"TWN"
100352873,"TWN"
100352874,"TWN"
100352875,"TWN"
100352876,"TWN"
100352877,"TWN"
100352878,"TWN"
100352902,"TZA"
100352903,"TZA"
100352904,"TZA"
100352905,"TZA"
100352906,"TZA"
100352907,"TZA"
100352908,"TZA"
100352909,"TZA"
100352910,"TZA"
100352911,"TZA"
100352912,"TZA"
100352913,"TZA"
100352914,"TZA"
100352915,"TZA"
100352916,"TZA"
100352917,"TZA"
100352918,"TZA"
100352919,"TZA"
100352920,"TZA"
100352921,"TZA"
100352922,"TZA"
100352923,"TZA"
100352924,"TZA"
100352925,"TZA"
100352926,"TZA"
100352927,"TZA"
100352928,"TZA"
100352929,"TZA"
100352930,"TZA"
100352931,"TZA"
100356777,"UGA"
100356778,"UGA"
100356779,"UGA"
100356780,"UGA"
100356781,"UGA"
100356782,"UGA"
100356783,"UGA"
100356784,"UGA"
100356785,"UGA"
100356786,"UGA"
100356787,"UGA"
100356788,"UGA"
100356789,"UGA"
100356790,"UGA"
100356791,"UGA"
100356792,"UGA"
100356793,"UGA"
100356794,"UGA"
100356795,"UGA"
100356796,"UGA"
100356797,"UGA"
100356798,"UGA"
100356799,"UGA"
100356800,"UGA"
100356801,"UGA"
100356802,"UGA"
100356803,"UGA"
100356804,"UGA"
100356805,"UGA"
100356806,"UGA"
100356807,"UGA"
100356808,"UGA"
100356809,"UGA"
100356810,"UGA"
100356811,"UGA"
100356812,"UGA"
100356813,"UGA"
100356814,"UGA"
100356815,"UGA"
100356816,"UGA"
100356817,"UGA"
100356818,"UGA"
100356819,"UGA"
100356820,"UGA"
100356821,"UGA"
100356822,"UGA"
100356823,"UGA"
100356824,"UGA"
100356825,"UGA"
100356826,"UGA"
100356827,"UGA"
100356828,"UGA"
100356829,"UGA"
100356830,"UGA"
100356831,"UGA"
100356832,"UGA"
100356833,"UGA"
100356834,"UGA"
100363309,"UKR"
100363310,"UKR"
100363311,"UKR"
100363312,"UKR"
100363313,"UKR"
100363314,"UKR"
100363315,"UKR"
100363316,"UKR"
100363317,"UKR"
100363318,"UKR"
100363319,"UKR"
100363320,"UKR"
100363321,"UKR"
100363322,"UKR"
100363323,"UKR"
100363324,"UKR"
100363325,"UKR"
100363326,"UKR"
100363327,"UKR"
100363328,"UKR"
100363329,"UKR"
100363330,"UKR"
100363331,"UKR"
100363332,"UKR"
100363333,"UKR"
100363334,"UKR"
100363335,"UKR"
100363966,"UMI"
100363967,"UMI"
100363968,"UMI"
100363969,"UMI"
100363970,"UMI"
100363971,"UMI"
100363972,"UMI"
100363973,"UMI"
100363974,"UMI"
100363976,"URY"
100363977,"URY"
100363978,"URY"
100363979,"URY"
100363980,"URY"
100363981,"URY"
100363982,"URY"
100363983,"URY"
100363984,"URY"
100363985,"URY"
100363986,"URY"
100363987,"URY"
100363988,"URY"
100363989,"URY"
100363990,"URY"
100363991,"URY"
100363992,"URY"
100363993,"URY"
100363994,"URY"
100364200,"USA"
100364201,"USA"
100364202,"USA"
100364203,"USA"
100364204,"USA"
100364205,"USA"
100364206,"USA"
100364207,"USA"
100364208,"USA"
100364209,"USA"
100364210,"USA"
100364211,"USA"
100364212,"USA"
100364213,"USA"
100364214,"USA"
100364215,"USA"
100364216,"USA"
100364217,"USA"
100364218,"USA"
100364219,"USA"
100364220,"USA"
100364221,"USA"
100364222,"USA"
100364223,"USA"
100364224,"USA"
100364225,"USA"
100364226,"USA"
100364227,"USA"
100364228,"USA"
100364229,"USA"
100364230,"USA"
100364231,"USA"
100364232,"USA"
100364233,"USA"
100364234,"USA"
100364235,"USA"
100364236,"USA"
100364237,"USA"
100364238,"USA"
100364239,"USA"
100364240,"USA"
100364241,"USA"
100364242,"USA"
100364243,"USA"
100364244,"USA"
100364245,"USA"
100364246,"USA"
100364247,"USA"
100364248,"USA"
100364249,"USA"
100364250,"USA"
100367400,"UZB"
100367401,"UZB"
100367402,"UZB"
100367403,"UZB"
100367404,"UZB"
100367405,"UZB"
100367406,"UZB"
100367407,"UZB"
100367408,"UZB"
100367409,"UZB"
100367410,"UZB"
100367411,"UZB"
100367412,"UZB"
100367413,"UZB"
100367577,"VCT"
100367578,"VCT"
100367579,"VCT"
100367580,"VCT"
100367581,"VCT"
100367582,"VCT"
100367584,"VEN"
100367585,"VEN"
100367586,"VEN"
100367587,"VEN"
100367588,"VEN"
100367589,"VEN"
100367590,"VEN"
100367591,"VEN"
100367592,"VEN"
100367593,"VEN"
100367594,"VEN"
100367595,"VEN"
100367596,"VEN"
100367597,"VEN"
100367598,"VEN"
100367599,"VEN"
100367600,"VEN"
100367601,"VEN"
100367602,"VEN"
100367603,"VEN"
100367604,"VEN"
100367605,"VEN"
100367606,"VEN"
100367607,"VEN"
100367608,"VEN"
100367948,"VGB"
100367949,"VGB"
100367950,"VGB"
100367951,"VGB"
100367952,"VGB"
100367954,"VIR"
100367955,"VIR"
100367956,"VIR"
100367978,"VNM"
100367979,"VNM"
100367980,"VNM"
100367981,"VNM"
100367982,"VNM"
100367983,"VNM"
100367984,"VNM"
100367985,"VNM"
100367986,"VNM"
100367987,"VNM"
100367988,"VNM"
100367989,"VNM"
100367990,"VNM"
100367991,"VNM"
100367992,"VNM"
100367993,"VNM"
100367994,"VNM"
100367995,"VNM"
100367996,"VNM"
100367997,"VNM"
100367998,"VNM"
100367999,"VNM"
100368000,"VNM"
100368001,"VNM"
100368002,"VNM"
100368003,"VNM"
100368004,"VNM"
100368005,"VNM"
100368006,"VNM"
100368007,"VNM"
100368008,"VNM"
100368009,"VNM"
100368010,"VNM"
100368011,"VNM"
100368012,"VNM"
100368013,"VNM"
100368014,"VNM"
100368015,"VNM"
100368016,"VNM"
100368017,"VNM"
100368018,"VNM"
100368019,"VNM"
100368020,"VNM"
100368021,"VNM"
100368022,"VNM"
100368023,"VNM"
100368024,"VNM"
100368025,"VNM"
100368026,"VNM"
100368027,"VNM"
100368028,"VNM"
100368029,"VNM"
100368030,"VNM"
100368031,"VNM"
100368032,"VNM"
100368033,"VNM"
100368034,"VNM"
100368035,"VNM"
100368036,"VNM"
100368037,"VNM"
100368038,"VNM"
100368039,"VNM"
100368040,"VNM"
100379915,"VUT"
100379916,"VUT"
100379917,"VUT"
100379918,"VUT"
100379919,"VUT"
100379920,"VUT"
100379985,"WLF"
100379986,"WLF"
100379987,"WLF"
100379994,"WSM"
100379995,"WSM"
100379996,"WSM"
100379997,"WSM"
100379998,"WSM"
100379999,"WSM"
100380000,"WSM"
100380001,"WSM"
100380002,"WSM"
100380003,"WSM"
100380004,"WSM"
100380049,"XAD"
100380050,"XAD"
100380054,"XKO"
100380055,"XKO"
100380056,"XKO"
100380057,"XKO"
100380058,"XKO"
100380059,"XKO"
100380060,"XKO"
100380092,"XNC"
100380093,"XNC"
100380094,"XNC"
100380095,"XNC"
100380096,"XNC"
100380100,"YEM"
100380101,"YEM"
100380102,"YEM"
100380103,"YEM"
100380104,"YEM"
100380105,"YEM"
100380106,"YEM"
100380107,"YEM"
100380108,"YEM"
100380109,"YEM"
100380110,"YEM"
100380111,"YEM"
100380112,"YEM"
100380113,"YEM"
100380114,"YEM"
100380115,"YEM"
100380116,"YEM"
100380117,"YEM"
100380118,"YEM"
100380119,"YEM"
100380120,"YEM"
100380455,"ZAF"
100380456,"ZAF"
100380457,"ZAF"
100380458,"ZAF"
100380459,"ZAF"
100380460,"ZAF"
100380461,"ZAF"
100380462,"ZAF"
100380463,"ZAF"
100385028,"ZMB"
100385029,"ZMB"
100385030,"ZMB"
100385031,"ZMB"
100385032,"ZMB"
100385033,"ZMB"
100385034,"ZMB"
100385035,"ZMB"
100385036,"ZMB"
100385037,"ZMB"
100385111,"ZWE"
100385112,"ZWE"
100385113,"ZWE"
100385114,"ZWE"
100385115,"ZWE"
100385116,"ZWE"
100385117,"ZWE"
100385118,"ZWE"
100385119,"ZWE"
100385120,"ZWE"
100385186,"DZA"
100385187,"DZA"
100385188,"DZA"
100385189,"DZA"
100385190,"DZA"
100385191,"DZA"
100385192,"DZA"
100385193,"DZA"
100385194,"DZA"
100385195,"DZA"
100385196,"DZA"
100385197,"DZA"
100385198,"DZA"
100385199,"DZA"
100385200,"DZA"
100385201,"DZA"
100385202,"DZA"
100385203,"DZA"
100385204,"DZA"
100385205,"DZA"
100385206,"DZA"
100385207,"DZA"
100385208,"DZA"
100385209,"DZA"
100385210,"DZA"
100385211,"DZA"
100385212,"DZA"
100385213,"DZA"
100385214,"DZA"
100385215,"DZA"
100385216,"DZA"
100385217,"DZA"
100385218,"DZA"
100385219,"DZA"
100385220,"DZA"
100385221,"DZA"
100385222,"DZA"
100385223,"DZA"
100385224,"DZA"
100385225,"DZA"
100385226,"DZA"
100385227,"DZA"
100385228,"DZA"
100385229,"DZA"
100385230,"DZA"
100385231,"DZA"
100385232,"DZA"
100385233,"DZA"
100386741,"MAR"
100018522,"BGD"
100018523,"BGD"
100018524,"BGD"
100018525,"BGD"
100018526,"BGD"
100018527,"BGD"
100018528,"BGD"
100018529,"BGD"
100018530,"BGD"
100018531,"BGD"
100018532,"BGD"
100018533,"BGD"
100018534,"BGD"
100018535,"BGD"
100018536,"BGD"
100018537,"BGD"
100018538,"BGD"
100018539,"BGD"
100018540,"BGD"
100018541,"BGD"
100018542,"BGD"
100018543,"BGD"
100018544,"BGD"
100018545,"BGD"
100018546,"BGD"
100018547,"BGD"
100018548,"BGD"
100018549,"BGD"
100018550,"BGD"
100018551,"BGD"
100018552,"BGD"
100018553,"BGD"
100018554,"BGD"
100018555,"BGD"
100018556,"BGD"
100018557,"BGD"
100018558,"BGD"
100018559,"BGD"
100018560,"BGD"
100018561,"BGD"
100018562,"BGD"
100018563,"BGD"
100018564,"BGD"
100018565,"BGD"
100018566,"BGD"
100018567,"BGD"
100018568,"BGD"
100018569,"BGD"
100018570,"BGD"
100018571,"BGD"
100018572,"BGD"
100018573,"BGD"
100018574,"BGD"
100018575,"BGD"
100018576,"BGD"
100018577,"BGD"
100018578,"BGD"
100018579,"BGD"
100018580,"BGD"
100018581,"BGD"
100018582,"BGD"
100018583,"BGD"
100018584,"BGD"
100018585,"BGD"
100050743,"CHN"
100050744,"CHN"
100050745,"CHN"
100050746,"CHN"
100050747,"CHN"
100050748,"CHN"
100050749,"CHN"
100050750,"CHN"
100050751,"CHN"
100050752,"CHN"
100050753,"CHN"
100050754,"CHN"
100050755,"CHN"
100050756,"CHN"
100050757,"CHN"
100050758,"CHN"
100050759,"CHN"
100050760,"CHN"
100050761,"CHN"
100050762,"CHN"
100050763,"CHN"
100050764,"CHN"
100050765,"CHN"
100050766,"CHN"
100050767,"CHN"
100050768,"CHN"
100050769,"CHN"
100050770,"CHN"
100050771,"CHN"
100050772,"CHN"
100050773,"CHN"
100050774,"CHN"
100050775,"CHN"
100050776,"CHN"
100050777,"CHN"
100050778,"CHN"
100050779,"CHN"
100050780,"CHN"
100050781,"CHN"
100050782,"CHN"
100050783,"CHN"
100050784,"CHN"
100050785,"CHN"
100050786,"CHN"
100050787,"CHN"
100050788,"CHN"
100050789,"CHN"
100050790,"CHN"
100050791,"CHN"
100050792,"CHN"
100050793,"CHN"
100050794,"CHN"
100050795,"CHN"
100050796,"CHN"
100050797,"CHN"
100050798,"CHN"
100050799,"CHN"
100050800,"CHN"
100050801,"CHN"
100050802,"CHN"
100050803,"CHN"
100050804,"CHN"
100050805,"CHN"
100050806,"CHN"
100050807,"CHN"
100050808,"CHN"
100050809,"CHN"
100050810,"CHN"
100050811,"CHN"
100050812,"CHN"
100050813,"CHN"
100050814,"CHN"
100050815,"CHN"
100050816,"CHN"
100050817,"CHN"
100050818,"CHN"
100050819,"CHN"
100050820,"CHN"
100050821,"CHN"
100050822,"CHN"
100050823,"CHN"
100050824,"CHN"
100050825,"CHN"
100050826,"CHN"
100050827,"CHN"
100050828,"CHN"
100050829,"CHN"
100050830,"CHN"
100050831,"CHN"
100050832,"CHN"
100050833,"CHN"
100050834,"CHN"
100050835,"CHN"
100050836,"CHN"
100050837,"CHN"
100050838,"CHN"
100050839,"CHN"
100050840,"CHN"
100050841,"CHN"
100050842,"CHN"
100050843,"CHN"
100050844,"CHN"
100050845,"CHN"
100050846,"CHN"
100050847,"CHN"
100050848,"CHN"
100050849,"CHN"
100050850,"CHN"
100050851,"CHN"
100050852,"CHN"
100050853,"CHN"
100050854,"CHN"
100050855,"CHN"
100050856,"CHN"
100050857,"CHN"
100050858,"CHN"
100050859,"CHN"
100050860,"CHN"
100050861,"CHN"
100050862,"CHN"
100050863,"CHN"
100050864,"CHN"
100050865,"CHN"
100050866,"CHN"
100050867,"CHN"
100050868,"CHN"
100050869,"CHN"
100050870,"CHN"
100050871,"CHN"
100050872,"CHN"
100050873,"CHN"
100050874,"CHN"
100050875,"CHN"
100050876,"CHN"
100050877,"CHN"
100050878,"CHN"
100050879,"CHN"
100050880,"CHN"
100050881,"CHN"
100050882,"CHN"
100050883,"CHN"
100050884,"CHN"
100050885,"CHN"
100050886,"CHN"
100050887,"CHN"
100050888,"CHN"
100050889,"CHN"
100050890,"CHN"
100050891,"CHN"
100050892,"CHN"
100050893,"CHN"
100050894,"CHN"
100050895,"CHN"
100050896,"CHN"
100050897,"CHN"
100050898,"CHN"
100050899,"CHN"
100050900,"CHN"
100050901,"CHN"
100050902,"CHN"
100050903,"CHN"
100050904,"CHN"
100050905,"CHN"
100050906,"CHN"
100050907,"CHN"
100050908,"CHN"
100050909,"CHN"
100050910,"CHN"
100050911,"CHN"
100050912,"CHN"
100050913,"CHN"
100050914,"CHN"
100050915,"CHN"
100050916,"CHN"
100050917,"CHN"
100050918,"CHN"
100050919,"CHN"
100050920,"CHN"
100050921,"CHN"
100050922,"CHN"
100050923,"CHN"
100050924,"CHN"
100050925,"CHN"
100050926,"CHN"
100050927,"CHN"
100050928,"CHN"
100050929,"CHN"
100050930,"CHN"
100050931,"CHN"
100050932,"CHN"
100050933,"CHN"
100050934,"CHN"
100050935,"CHN"
100050936,"CHN"
100050937,"CHN"
100050938,"CHN"
100050939,"CHN"
100050940,"CHN"
100050941,"CHN"
100050942,"CHN"
100050943,"CHN"
100050944,"CHN"
100050945,"CHN"
100050946,"CHN"
100050947,"CHN"
100050948,"CHN"
100050949,"CHN"
100050950,"CHN"
100050951,"CHN"
100050952,"CHN"
100050953,"CHN"
100050954,"CHN"
100050955,"CHN"
100050956,"CHN"
100050957,"CHN"
100050958,"CHN"
100050959,"CHN"
100050960,"CHN"
100050961,"CHN"
100050962,"CHN"
100050963,"CHN"
100050964,"CHN"
100050965,"CHN"
100050966,"CHN"
100050967,"CHN"
100050968,"CHN"
100050969,"CHN"
100050970,"CHN"
100050971,"CHN"
100050972,"CHN"
100050973,"CHN"
100050974,"CHN"
100050975,"CHN"
100050976,"CHN"
100050977,"CHN"
100050978,"CHN"
100050979,"CHN"
100050980,"CHN"
100050981,"CHN"
100050982,"CHN"
100050983,"CHN"
100050984,"CHN"
100050985,"CHN"
100050986,"CHN"
100050987,"CHN"
100050988,"CHN"
100050989,"CHN"
100050990,"CHN"
100050991,"CHN"
100050992,"CHN"
100050993,"CHN"
100050994,"CHN"
100050995,"CHN"
100050996,"CHN"
100050997,"CHN"
100050998,"CHN"
100050999,"CHN"
100051000,"CHN"
100051001,"CHN"
100051002,"CHN"
100051003,"CHN"
100051004,"CHN"
100051005,"CHN"
100051006,"CHN"
100051007,"CHN"
100051008,"CHN"
100051009,"CHN"
100051010,"CHN"
100051011,"CHN"
100051012,"CHN"
100051013,"CHN"
100051014,"CHN"
100051015,"CHN"
100051016,"CHN"
100051017,"CHN"
100051018,"CHN"
100051019,"CHN"
100051020,"CHN"
100051021,"CHN"
100051022,"CHN"
100051023,"CHN"
100051024,"CHN"
100051025,"CHN"
100051026,"CHN"
100051027,"CHN"
100051028,"CHN"
100051029,"CHN"
100051030,"CHN"
100051031,"CHN"
100051032,"CHN"
100051033,"CHN"
100051034,"CHN"
100051035,"CHN"
100051036,"CHN"
100051037,"CHN"
100051038,"CHN"
100051039,"CHN"
100051040,"CHN"
100051041,"CHN"
100051042,"CHN"
100051043,"CHN"
100051044,"CHN"
100051045,"CHN"
100051046,"CHN"
100051047,"CHN"
100051048,"CHN"
100051049,"CHN"
100051050,"CHN"
100051051,"CHN"
100051052,"CHN"
100051053,"CHN"
100051054,"CHN"
100051055,"CHN"
100051056,"CHN"
100051057,"CHN"
100051058,"CHN"
100051059,"CHN"
100051060,"CHN"
100051061,"CHN"
100051062,"CHN"
100051063,"CHN"
100051064,"CHN"
100051065,"CHN"
100051066,"CHN"
100051067,"CHN"
100051068,"CHN"
100051069,"CHN"
100051070,"CHN"
100051071,"CHN"
100051072,"CHN"
100051073,"CHN"
100051074,"CHN"
100051075,"CHN"
100051076,"CHN"
100051077,"CHN"
100051078,"CHN"
100051079,"CHN"
100051080,"CHN"
100051081,"CHN"
100051082,"CHN"
100051083,"CHN"
100051084,"CHN"
100051085,"CHN"
100051086,"CHN"
100074595,"ESP"
100074596,"ESP"
100074597,"ESP"
100074598,"ESP"
100074599,"ESP"
100074600,"ESP"
100074601,"ESP"
100074602,"ESP"
100074603,"ESP"
100074604,"ESP"
100074605,"ESP"
100074606,"ESP"
100074607,"ESP"
100074608,"ESP"
100074609,"ESP"
100074610,"ESP"
100074611,"ESP"
100074612,"ESP"
100074613,"ESP"
100074614,"ESP"
100074615,"ESP"
100074616,"ESP"
100074617,"ESP"
100074618,"ESP"
100074619,"ESP"
100074620,"ESP"
100074621,"ESP"
100074622,"ESP"
100074623,"ESP"
100074624,"ESP"
100074625,"ESP"
100074626,"ESP"
100074627,"ESP"
100074628,"ESP"
100074629,"ESP"
100074630,"ESP"
100074631,"ESP"
100074632,"ESP"
100074633,"ESP"
100074634,"ESP"
100074635,"ESP"
100074636,"ESP"
100074637,"ESP"
100074638,"ESP"
100074639,"ESP"
100074640,"ESP"
100074641,"ESP"
100074642,"ESP"
100074643,"ESP"
100074644,"ESP"
100074645,"ESP"
100074646,"ESP"
100089603,"FRA"
100089604,"FRA"
100089605,"FRA"
100089606,"FRA"
100089607,"FRA"
100089608,"FRA"
100089609,"FRA"
100089610,"FRA"
100089611,"FRA"
100089612,"FRA"
100089613,"FRA"
100089614,"FRA"
100089615,"FRA"
100089616,"FRA"
100089617,"FRA"
100089618,"FRA"
100089619,"FRA"
100089620,"FRA"
100089621,"FRA"
100089622,"FRA"
100089623,"FRA"
100089624,"FRA"
100089625,"FRA"
100089626,"FRA"
100089627,"FRA"
100089628,"FRA"
100089629,"FRA"
100089630,"FRA"
100089631,"FRA"
100089632,"FRA"
100089633,"FRA"
100089634,"FRA"
100089635,"FRA"
100089636,"FRA"
100089637,"FRA"
100089638,"FRA"
100089639,"FRA"
100089640,"FRA"
100089641,"FRA"
100089642,"FRA"
100089643,"FRA"
100089644,"FRA"
100089645,"FRA"
100089646,"FRA"
100089647,"FRA"
100089648,"FRA"
100089649,"FRA"
100089650,"FRA"
100089651,"FRA"
100089652,"FRA"
100089653,"FRA"
100089654,"FRA"
100089655,"FRA"
100089656,"FRA"
100089657,"FRA"
100089658,"FRA"
100089659,"FRA"
100089660,"FRA"
100089661,"FRA"
100089662,"FRA"
100089663,"FRA"
100089664,"FRA"
100089665,"FRA"
100089666,"FRA"
100089667,"FRA"
100089668,"FRA"
100089669,"FRA"
100089670,"FRA"
100089671,"FRA"
100089672,"FRA"
100089673,"FRA"
100089674,"FRA"
100089675,"FRA"
100089676,"FRA"
100089677,"FRA"
100089678,"FRA"
100089679,"FRA"
100089680,"FRA"
100089681,"FRA"
100089682,"FRA"
100089683,"FRA"
100089684,"FRA"
100089685,"FRA"
100089686,"FRA"
100089687,"FRA"
100089688,"FRA"
100089689,"FRA"
100089690,"FRA"
100089691,"FRA"
100089692,"FRA"
100089693,"FRA"
100089694,"FRA"
100089695,"FRA"
100089696,"FRA"
100089697,"FRA"
100089698,"FRA"
100219384,"IND"
100219385,"IND"
100219386,"IND"
100219387,"IND"
100219388,"IND"
100219389,"IND"
100219390,"IND"
100219391,"IND"
100219392,"IND"
100219393,"IND"
100219394,"IND"
100219395,"IND"
100219396,"IND"
100219397,"IND"
100219398,"IND"
100219399,"IND"
100219400,"IND"
100219401,"IND"
100219402,"IND"
100219403,"IND"
100219404,"IND"
100219405,"IND"
100219406,"IND"
100219407,"IND"
100219408,"IND"
100219409,"IND"
100219410,"IND"
100219411,"IND"
100219412,"IND"
100219413,"IND"
100219414,"IND"
100219415,"IND"
100219416,"IND"
100219417,"IND"
100219418,"IND"
100219419,"IND"
100219420,"IND"
100219421,"IND"
100219422,"IND"
100219423,"IND"
100219424,"IND"
100219425,"IND"
100219426,"IND"
100219427,"IND"
100219428,"IND"
100219429,"IND"
100219430,"IND"
100219431,"IND"
100219432,"IND"
100219433,"IND"
100219434,"IND"
100219435,"IND"
100219436,"IND"
100219437,"IND"
100219438,"IND"
100219439,"IND"
100219440,"IND"
100219441,"IND"
100219442,"IND"
100219443,"IND"
100219444,"IND"
100219445,"IND"
100219446,"IND"
100219447,"IND"
100219448,"IND"
100219449,"IND"
100219450,"IND"
100219451,"IND"
100219452,"IND"
100219453,"IND"
100219454,"IND"
100219455,"IND"
100219456,"IND"
100219457,"IND"
100219458,"IND"
100219459,"IND"
100219460,"IND"
100219461,"IND"
100219462,"IND"
100219463,"IND"
100219464,"IND"
100219465,"IND"
100219466,"IND"
100219467,"IND"
100219468,"IND"
100219469,"IND"
100219470,"IND"
100219471,"IND"
100219472,"IND"
100219473,"IND"
100219474,"IND"
100219475,"IND"
100219476,"IND"
100219477,"IND"
100219478,"IND"
100219479,"IND"
100219480,"IND"
100219481,"IND"
100219482,"IND"
100219483,"IND"
100219484,"IND"
100219485,"IND"
100219486,"IND"
100219487,"IND"
100219488,"IND"
100219489,"IND"
100219490,"IND"
100219491,"IND"
100219492,"IND"
100219493,"IND"
100219494,"IND"
100219495,"IND"
100219496,"IND"
100219497,"IND"
100219498,"IND"
100219499,"IND"
100219500,"IND"
100219501,"IND"
100219502,"IND"
100219503,"IND"
100219504,"IND"
100219505,"IND"
100219506,"IND"
100219507,"IND"
100219508,"IND"
100219509,"IND"
100219510,"IND"
100219511,"IND"
100219512,"IND"
100219513,"IND"
100219514,"IND"
100219515,"IND"
100219516,"IND"
100219517,"IND"
100219518,"IND"
100219519,"IND"
100219520,"IND"
100219521,"IND"
100219522,"IND"
100219523,"IND"
100219524,"IND"
100219525,"IND"
100219526,"IND"
100219527,"IND"
100219528,"IND"
100219529,"IND"
100219530,"IND"
100219531,"IND"
100219532,"IND"
100219533,"IND"
100219534,"IND"
100219535,"IND"
100219536,"IND"
100219537,"IND"
100219538,"IND"
100219539,"IND"
100219540,"IND"
100219541,"IND"
100219542,"IND"
100219543,"IND"
100219544,"IND"
100219545,"IND"
100219546,"IND"
100219547,"IND"
100219548,"IND"
100219549,"IND"
100219550,"IND"
100219551,"IND"
100219552,"IND"
100219553,"IND"
100219554,"IND"
100219555,"IND"
100219556,"IND"
100219557,"IND"
100219558,"IND"
100219559,"IND"
100219560,"IND"
100219561,"IND"
100219562,"IND"
100219563,"IND"
100219564,"IND"
100219565,"IND"
100219566,"IND"
100219567,"IND"
100219568,"IND"
100219569,"IND"
100219570,"IND"
100219571,"IND"
100219572,"IND"
100219573,"IND"
100219574,"IND"
100219575,"IND"
100219576,"IND"
100219577,"IND"
100219578,"IND"
100219579,"IND"
100219580,"IND"
100219581,"IND"
100219582,"IND"
100219583,"IND"
100219584,"IND"
100219585,"IND"
100219586,"IND"
100219587,"IND"
100219588,"IND"
100219589,"IND"
100219590,"IND"
100219591,"IND"
100219592,"IND"
100219593,"IND"
100219594,"IND"
100219595,"IND"
100219596,"IND"
100219597,"IND"
100219598,"IND"
100219599,"IND"
100219600,"IND"
100219601,"IND"
100219602,"IND"
100219603,"IND"
100219604,"IND"
100219605,"IND"
100219606,"IND"
100219607,"IND"
100219608,"IND"
100219609,"IND"
100219610,"IND"
100219611,"IND"
100219612,"IND"
100219613,"IND"
100219614,"IND"
100219615,"IND"
100219616,"IND"
100219617,"IND"
100219618,"IND"
100219619,"IND"
100219620,"IND"
100219621,"IND"
100219622,"IND"
100219623,"IND"
100219624,"IND"
100219625,"IND"
100219626,"IND"
100219627,"IND"
100219628,"IND"
100219629,"IND"
100219630,"IND"
100219631,"IND"
100219632,"IND"
100219633,"IND"
100219634,"IND"
100219635,"IND"
100219636,"IND"
100219637,"IND"
100219638,"IND"
100219639,"IND"
100219640,"IND"
100219641,"IND"
100219642,"IND"
100219643,"IND"
100219644,"IND"
100219645,"IND"
100219646,"IND"
100219647,"IND"
100219648,"IND"
100219649,"IND"
100219650,"IND"
100219651,"IND"
100219652,"IND"
100219653,"IND"
100219654,"IND"
100219655,"IND"
100219656,"IND"
100219657,"IND"
100219658,"IND"
100219659,"IND"
100219660,"IND"
100219661,"IND"
100219662,"IND"
100219663,"IND"
100219664,"IND"
100219665,"IND"
100219666,"IND"
100219667,"IND"
100219668,"IND"
100219669,"IND"
100219670,"IND"
100219671,"IND"
100219672,"IND"
100219673,"IND"
100219674,"IND"
100219675,"IND"
100219676,"IND"
100219677,"IND"
100219678,"IND"
100219679,"IND"
100219680,"IND"
100219681,"IND"
100219682,"IND"
100219683,"IND"
100219684,"IND"
100219685,"IND"
100219686,"IND"
100219687,"IND"
100219688,"IND"
100219689,"IND"
100219690,"IND"
100219691,"IND"
100219692,"IND"
100219693,"IND"
100219694,"IND"
100219695,"IND"
100219696,"IND"
100219697,"IND"
100219698,"IND"
100219699,"IND"
100219700,"IND"
100219701,"IND"
100219702,"IND"
100219703,"IND"
100219704,"IND"
100219705,"IND"
100219706,"IND"
100219707,"IND"
100219708,"IND"
100219709,"IND"
100219710,"IND"
100219711,"IND"
100219712,"IND"
100219713,"IND"
100219714,"IND"
100219715,"IND"
100219716,"IND"
100219717,"IND"
100219718,"IND"
100219719,"IND"
100219720,"IND"
100219721,"IND"
100219722,"IND"
100219723,"IND"
100219724,"IND"
100219725,"IND"
100219726,"IND"
100219727,"IND"
100219728,"IND"
100219729,"IND"
100219730,"IND"
100219731,"IND"
100219732,"IND"
100219733,"IND"
100219734,"IND"
100219735,"IND"
100219736,"IND"
100219737,"IND"
100219738,"IND"
100219739,"IND"
100219740,"IND"
100219741,"IND"
100219742,"IND"
100219743,"IND"
100219744,"IND"
100219745,"IND"
100219746,"IND"
100219747,"IND"
100219748,"IND"
100219749,"IND"
100219750,"IND"
100219751,"IND"
100219752,"IND"
100219753,"IND"
100219754,"IND"
100219755,"IND"
100219756,"IND"
100219757,"IND"
100219758,"IND"
100219759,"IND"
100219760,"IND"
100219761,"IND"
100219762,"IND"
100219763,"IND"
100219764,"IND"
100219765,"IND"
100219766,"IND"
100219767,"IND"
100219768,"IND"
100219769,"IND"
100219770,"IND"
100219771,"IND"
100219772,"IND"
100219773,"IND"
100219774,"IND"
100219775,"IND"
100219776,"IND"
100219777,"IND"
100219778,"IND"
100219779,"IND"
100219780,"IND"
100219781,"IND"
100219782,"IND"
100219783,"IND"
100219784,"IND"
100219785,"IND"
100219786,"IND"
100219787,"IND"
100219788,"IND"
100219789,"IND"
100219790,"IND"
100219791,"IND"
100219792,"IND"
100219793,"IND"
100219794,"IND"
100219795,"IND"
100219796,"IND"
100219797,"IND"
100219798,"IND"
100219799,"IND"
100219800,"IND"
100219801,"IND"
100219802,"IND"
100219803,"IND"
100219804,"IND"
100219805,"IND"
100219806,"IND"
100219807,"IND"
100219808,"IND"
100219809,"IND"
100219810,"IND"
100219811,"IND"
100219812,"IND"
100219813,"IND"
100219814,"IND"
100219815,"IND"
100219816,"IND"
100219817,"IND"
100219818,"IND"
100219819,"IND"
100219820,"IND"
100219821,"IND"
100219822,"IND"
100219823,"IND"
100219824,"IND"
100219825,"IND"
100219826,"IND"
100219827,"IND"
100219828,"IND"
100219829,"IND"
100219830,"IND"
100219831,"IND"
100219832,"IND"
100219833,"IND"
100219834,"IND"
100219835,"IND"
100219836,"IND"
100219837,"IND"
100219838,"IND"
100219839,"IND"
100219840,"IND"
100219841,"IND"
100219842,"IND"
100219843,"IND"
100219844,"IND"
100219845,"IND"
100219846,"IND"
100219847,"IND"
100219848,"IND"
100219849,"IND"
100219850,"IND"
100219851,"IND"
100219852,"IND"
100219853,"IND"
100219854,"IND"
100219855,"IND"
100219856,"IND"
100219857,"IND"
100219858,"IND"
100219859,"IND"
100219860,"IND"
100219861,"IND"
100219862,"IND"
100219863,"IND"
100219864,"IND"
100219865,"IND"
100219866,"IND"
100219867,"IND"
100219868,"IND"
100219869,"IND"
100219870,"IND"
100219871,"IND"
100219872,"IND"
100219873,"IND"
100219874,"IND"
100219875,"IND"
100219876,"IND"
100219877,"IND"
100219878,"IND"
100219879,"IND"
100219880,"IND"
100219881,"IND"
100219882,"IND"
100219883,"IND"
100219884,"IND"
100219885,"IND"
100219886,"IND"
100219887,"IND"
100219888,"IND"
100219889,"IND"
100219890,"IND"
100219891,"IND"
100219892,"IND"
100219893,"IND"
100219894,"IND"
100219895,"IND"
100219896,"IND"
100219897,"IND"
100219898,"IND"
100219899,"IND"
100219900,"IND"
100219901,"IND"
100219902,"IND"
100219903,"IND"
100219904,"IND"
100219905,"IND"
100219906,"IND"
100219907,"IND"
100219908,"IND"
100219909,"IND"
100219910,"IND"
100219911,"IND"
100219912,"IND"
100219913,"IND"
100219914,"IND"
100219915,"IND"
100219916,"IND"
100219917,"IND"
100219918,"IND"
100219919,"IND"
100219920,"IND"
100219921,"IND"
100219922,"IND"
100219923,"IND"
100219924,"IND"
100219925,"IND"
100219926,"IND"
100219927,"IND"
100219928,"IND"
100219929,"IND"
100219930,"IND"
100219931,"IND"
100219932,"IND"
100219933,"IND"
100219934,"IND"
100219935,"IND"
100219936,"IND"
100219937,"IND"
100219938,"IND"
100219939,"IND"
100219940,"IND"
100219941,"IND"
100219942,"IND"
100219943,"IND"
100219944,"IND"
100219945,"IND"
100219946,"IND"
100219947,"IND"
100219948,"IND"
100219949,"IND"
100219950,"IND"
100219951,"IND"
100219952,"IND"
100219953,"IND"
100219954,"IND"
100219955,"IND"
100219956,"IND"
100219957,"IND"
100219958,"IND"
100219959,"IND"
100219960,"IND"
100219961,"IND"
100219962,"IND"
100219963,"IND"
100219964,"IND"
100219965,"IND"
100219966,"IND"
100219967,"IND"
100219968,"IND"
100219969,"IND"
100219970,"IND"
100219971,"IND"
100219972,"IND"
100219973,"IND"
100219974,"IND"
100219975,"IND"
100219976,"IND"
100219977,"IND"
100219978,"IND"
100219979,"IND"
100219980,"IND"
100219981,"IND"
100219982,"IND"
100219983,"IND"
100219984,"IND"
100219985,"IND"
100219986,"IND"
100219987,"IND"
100219988,"IND"
100219989,"IND"
100219990,"IND"
100219991,"IND"
100219992,"IND"
100219993,"IND"
100219994,"IND"
100219995,"IND"
100219996,"IND"
100219997,"IND"
100219998,"IND"
100219999,"IND"
100220000,"IND"
100220001,"IND"
100220002,"IND"
100220003,"IND"
100220004,"IND"
100220005,"IND"
100220006,"IND"
100220007,"IND"
100220008,"IND"
100220009,"IND"
100220010,"IND"
100220011,"IND"
100220012,"IND"
100220013,"IND"
100220014,"IND"
100220015,"IND"
100220016,"IND"
100220017,"IND"
100220018,"IND"
100220019,"IND"
100220020,"IND"
100220021,"IND"
100220022,"IND"
100220023,"IND"
100220024,"IND"
100220025,"IND"
100220026,"IND"
100220027,"IND"
100220028,"IND"
100220029,"IND"
100220030,"IND"
100220031,"IND"
100220032,"IND"
100220033,"IND"
100220034,"IND"
100220035,"IND"
100220036,"IND"
100220037,"IND"
100220038,"IND"
100220039,"IND"
100220040,"IND"
100220041,"IND"
100220042,"IND"
100220043,"IND"
100220044,"IND"
100220045,"IND"
100220046,"IND"
100220047,"IND"
100220048,"IND"
100220049,"IND"
100259987,"PAK"
100259988,"PAK"
100259989,"PAK"
100259990,"PAK"
100259991,"PAK"
100259992,"PAK"
100259993,"PAK"
100259994,"PAK"
100259995,"PAK"
100259996,"PAK"
100259997,"PAK"
100259998,"PAK"
100259999,"PAK"
100260000,"PAK"
100260001,"PAK"
100260002,"PAK"
100260003,"PAK"
100260004,"PAK"
100260005,"PAK"
100260006,"PAK"
100260007,"PAK"
100260008,"PAK"
100260009,"PAK"
100260010,"PAK"
100260011,"PAK"
100260012,"PAK"
100260013,"PAK"
100260014,"PAK"
100260015,"PAK"
100260016,"PAK"
100260017,"PAK"
100260018,"PAK"
